Handle,Original Image Src,Hosted Image Src,Local Path,Bytes,Status,Fetch Source,Error
a5-notebook-insert,https://joesventure.com/cdn/shop/files/Untitled-56_ee118796-7da6-45a0-86fc-ef8803e55105.png?v=1738705218&width=1920,,,0,failed,,HTTP Error 404: Not Found | HTTP Error 404: NOT FOUND
a5-notebook-insert,https://joesventure.com/cdn/shop/files/Untitled-57_33324ca3-6e09-4a36-bcaf-37bf6f6b1aa8.png?v=1738705218&width=1920,,,0,failed,,HTTP Error 404: Not Found | HTTP Error 404: NOT FOUND
a5-notebook-insert,https://joesventure.com/cdn/shop/files/Untitled-55_f944f535-b3f0-448a-807c-d799940bb7ff.png?v=1738705218&width=1920,,,0,failed,,HTTP Error 404: Not Found | HTTP Error 404: NOT FOUND
a5-notebook-insert,https://joesventure.com/cdn/shop/files/Untitled-59_8e3e7455-cc44-4c4d-8a5d-f4fc05d865d1.png?v=1738705218&width=1920,,,0,failed,,HTTP Error 404: Not Found | HTTP Error 404: NOT FOUND
a5-pen-sleeve,https://joesventure.com/cdn/shop/files/AMR09607.jpg?v=1729521527&width=1920,https://16.192.29.174.nip.io/assets/recovery/joes-venture/images/a5-pen-sleeve-01-a2e93b9082.jpg,backend/public/assets/recovery/joes-venture/images/a5-pen-sleeve-01-a2e93b9082.jpg,89593,downloaded,cached,
a6-notebook-insert,https://joesventure.com/cdn/shop/files/Untitled-59_8e3e7455-cc44-4c4d-8a5d-f4fc05d865d1.png?v=1751453402&width=1920,,,0,failed,,HTTP Error 404: Not Found | HTTP Error 404: NOT FOUND
a6-notebook-insert,https://joesventure.com/cdn/shop/files/Untitled-59_8e3e7455-cc44-4c4d-8a5d-f4fc05d865d1.png?v=1751453402,,,0,failed,,HTTP Error 404: Not Found | HTTP Error 404: NOT FOUND
apple-watch-strap,https://cdn.shopify.com/s/files/1/0622/5890/5258/products/JLGLast2.jpg?v=1654638414&width=1024,,,0,failed,,HTTP Error 404: Not Found | <urlopen error [Errno 111] Connection refused>
barrel-bag,https://joesventure.com/cdn/shop/files/IMG_7257W.jpg?v=1685815209&width=1024,,,0,failed,,HTTP Error 404: Not Found | HTTP Error 404: NOT FOUND
barrel-bag,https://joesventure.com/cdn/shop/files/IMG_7257W.jpg?v=1685815209,,,0,failed,,HTTP Error 404: Not Found | HTTP Error 404: NOT FOUND
barrel-bag,https://joesventure.com/cdn/shop/files/IMG_7260W.jpg?v=1685815210,,,0,failed,,HTTP Error 404: Not Found | HTTP Error 404: NOT FOUND
black-lamb-aappa-apero,https://joesventure.com/cdn/shop/files/Untitled-213.jpg?v=1720445518&width=1024,https://16.192.29.174.nip.io/assets/recovery/joes-venture/images/black-lamb-aappa-apero-01-295c3c5784.jpg,backend/public/assets/recovery/joes-venture/images/black-lamb-aappa-apero-01-295c3c5784.jpg,136372,downloaded,cached,
black-lamb-leather-coat,https://joesventure.com/cdn/shop/files/Untitled-9copy_d4ebd47f-e591-45fb-8607-634957307223.png?v=1739812360&width=1920,https://16.192.29.174.nip.io/assets/recovery/joes-venture/images/black-lamb-leather-coat-01-0f1e6397b4.png,backend/public/assets/recovery/joes-venture/images/black-lamb-leather-coat-01-0f1e6397b4.png,1762161,downloaded,cached,
black-lamb-nappa-denim-cut,https://joesventure.com/cdn/shop/files/Untitled-2.jpg?v=1720442802&width=1024,https://16.192.29.174.nip.io/assets/recovery/joes-venture/images/black-lamb-nappa-denim-cut-01-0909a049d8.jpg,backend/public/assets/recovery/joes-venture/images/black-lamb-nappa-denim-cut-01-0909a049d8.jpg,133026,downloaded,cached,
black-lamb-nappa-lapel,https://joesventure.com/cdn/shop/files/Untitled-24.jpg?v=1720443316&width=1024,https://16.192.29.174.nip.io/assets/recovery/joes-venture/images/black-lamb-nappa-lapel-01-1e7a14e45a.jpg,backend/public/assets/recovery/joes-venture/images/black-lamb-nappa-lapel-01-1e7a14e45a.jpg,140531,downloaded,cached,
black-lamb-nappa-perfecto,https://joesventure.com/cdn/shop/files/Untitled-219.jpg?v=1720446655&width=1024,https://16.192.29.174.nip.io/assets/recovery/joes-venture/images/black-lamb-nappa-perfecto-01-ba98b63333.jpg,backend/public/assets/recovery/joes-venture/images/black-lamb-nappa-perfecto-01-ba98b63333.jpg,138067,downloaded,cached,
black-leather-perfecto-with-belt,https://joesventure.com/cdn/shop/files/Untitled-6_27922d8b-9463-4fe2-925c-0b36be1a906d.png?v=1739812826&width=1920,,,0,failed,,HTTP Error 404: Not Found | HTTP Error 404: NOT FOUND
black-nubuck-biker-vest,https://joesventure.com/cdn/shop/files/BLACK_BUBUCK_BIKER_VEST.png?v=1738685495&width=1920,,,0,failed,,HTTP Error 404: Not Found | HTTP Error 404: NOT FOUND
black-suede-bustier-top,https://joesventure.com/cdn/shop/files/Untitled-43_39f0b842-d431-469f-91d2-e5c18071a705.png?v=1738684442&width=1920,,,0,failed,,HTTP Error 404: Not Found | HTTP Error 404: NOT FOUND
black-vernis-perfecto,https://joesventure.com/cdn/shop/files/Untitled-6.png?v=1732368115&width=1920,https://16.192.29.174.nip.io/assets/recovery/joes-venture/images/black-vernis-perfecto-01-4abb7ff63a.png,backend/public/assets/recovery/joes-venture/images/black-vernis-perfecto-01-4abb7ff63a.png,1454780,downloaded,cached,
brown-cow-nubuck-perfecto,https://joesventure.com/cdn/shop/files/BROWNCOWNUBOCKPERFECTO_1dd21cdc-1318-41da-8cee-8439390c72f8.png?v=1738687578&width=1920,https://16.192.29.174.nip.io/assets/recovery/joes-venture/images/brown-cow-nubuck-perfecto-01-4c897df5f7.png,backend/public/assets/recovery/joes-venture/images/brown-cow-nubuck-perfecto-01-4c897df5f7.png,1512709,downloaded,cached,
brown-suede-equestrian-vest,https://joesventure.com/cdn/shop/files/035_11812964-99b2-42c0-afbd-504fae6b6cfb.jpg?v=1721381781&width=1024,https://16.192.29.174.nip.io/assets/recovery/joes-venture/images/brown-suede-equestrian-vest-01-d0fbeb1552.jpg,backend/public/assets/recovery/joes-venture/images/brown-suede-equestrian-vest-01-d0fbeb1552.jpg,147097,downloaded,cached,
brown-suede-tuscany-size-52,https://joesventure.com/cdn/shop/files/013.jpg?v=1720798904&width=1024,,,0,failed,,HTTP Error 404: Not Found | HTTP Error 404: NOT FOUND
buck-brown-lamb-nappa-aviator,https://joesventure.com/cdn/shop/files/Untitled-121.png?v=1738062920&width=1920,https://16.192.29.174.nip.io/assets/recovery/joes-venture/images/buck-brown-lamb-nappa-aviator-01-b28ced8ea6.png,backend/public/assets/recovery/joes-venture/images/buck-brown-lamb-nappa-aviator-01-b28ced8ea6.png,1991035,downloaded,cached,
buck-brown-lamb-nappa-cafe-racer-size-54,https://joesventure.com/cdn/shop/files/019.jpg?v=1720800920&width=1920,https://16.192.29.174.nip.io/assets/recovery/joes-venture/images/buck-brown-lamb-nappa-cafe-racer-size-54-01-dc3c4fe622.jpg,backend/public/assets/recovery/joes-venture/images/buck-brown-lamb-nappa-cafe-racer-size-54-01-dc3c4fe622.jpg,463971,downloaded,cached,
buck-brown-lamb-nappa-pilot-size-48,https://joesventure.com/cdn/shop/files/Untitled-126.png?v=1738065845&width=1920,,,0,failed,,HTTP Error 404: Not Found | <urlopen error [Errno 111] Connection refused>
buck-brown-lamb-nappa-ranger-size-48,https://joesventure.com/cdn/shop/files/026.jpg?v=1720801977&width=1920,https://16.192.29.174.nip.io/assets/recovery/joes-venture/images/buck-brown-lamb-nappa-ranger-size-48-01-d25c66dd38.jpg,backend/public/assets/recovery/joes-venture/images/buck-brown-lamb-nappa-ranger-size-48-01-d25c66dd38.jpg,425847,downloaded,cached,
buck-brown-pull-up-buttoned-perfecto-size-52,https://joesventure.com/cdn/shop/files/024.jpg?v=1720801547&width=1024,https://16.192.29.174.nip.io/assets/recovery/joes-venture/images/buck-brown-pull-up-buttoned-perfecto-size-52-01-09f188c060.jpg,backend/public/assets/recovery/joes-venture/images/buck-brown-pull-up-buttoned-perfecto-size-52-01-09f188c060.jpg,197233,downloaded,cached,
buck-brown-waxed-baby-buffalo-vegtan-perfecto-size-56,https://joesventure.com/cdn/shop/files/032.jpg?v=1720803104&width=1920,,,0,failed,,HTTP Error 404: Not Found | <urlopen error [Errno 111] Connection refused>
buffed-varnish-cow-suit-jacket,https://joesventure.com/cdn/shop/files/BUFFEDVARNISHCOWSUIYJACKET_0ae5bd73-34f3-450a-b677-50805c967de3.png?v=1738679310&width=1920,https://16.192.29.174.nip.io/assets/recovery/joes-venture/images/buffed-varnish-cow-suit-jacket-01-3b49d8948c.png,backend/public/assets/recovery/joes-venture/images/buffed-varnish-cow-suit-jacket-01-3b49d8948c.png,1921711,downloaded,cached,
bundle-a,https://joesventure.com/cdn/shop/files/SNY07742.jpg?v=1714414175&width=1024,https://16.192.29.174.nip.io/assets/recovery/joes-venture/images/bundle-a-01-a3352aa69b.jpg,backend/public/assets/recovery/joes-venture/images/bundle-a-01-a3352aa69b.jpg,68909,downloaded,cached,
bundle-b,https://joesventure.com/cdn/shop/files/SNY07740.jpg?v=1714414607&width=1024,https://16.192.29.174.nip.io/assets/recovery/joes-venture/images/bundle-b-01-cf6d866d91.jpg,backend/public/assets/recovery/joes-venture/images/bundle-b-01-cf6d866d91.jpg,195531,downloaded,cached,
bundle-c,https://joesventure.com/cdn/shop/files/SNY07738.jpg?v=1714415266&width=1024,https://16.192.29.174.nip.io/assets/recovery/joes-venture/images/bundle-c-01-ccdcce4b25.jpg,backend/public/assets/recovery/joes-venture/images/bundle-c-01-ccdcce4b25.jpg,267980,downloaded,cached,
burgundy-lamb-nappa-denim-cut-size-56,https://joesventure.com/cdn/shop/files/0_6f5c3061-a209-4a61-9a7d-7cb953ebd21c.jpg?v=1720789436&width=1024,,,0,failed,,HTTP Error 404: Not Found | <urlopen error [Errno 111] Connection refused>
burgundy-lamb-nappa-perfecto-size-46,https://joesventure.com/cdn/shop/files/05.jpg?v=1720790003&width=1920,https://16.192.29.174.nip.io/assets/recovery/joes-venture/images/burgundy-lamb-nappa-perfecto-size-46-01-690381d636.jpg,backend/public/assets/recovery/joes-venture/images/burgundy-lamb-nappa-perfecto-size-46-01-690381d636.jpg,420533,downloaded,cached,
burgundy-lamb-nappa-pilot-size-46,https://joesventure.com/cdn/shop/files/08.jpg?v=1720790754&width=1024,https://16.192.29.174.nip.io/assets/recovery/joes-venture/images/burgundy-lamb-nappa-pilot-size-46-01-a349be0da3.jpg,backend/public/assets/recovery/joes-venture/images/burgundy-lamb-nappa-pilot-size-46-01-a349be0da3.jpg,163500,downloaded,cached,
burgundy-nappa-aviator,https://joesventure.com/cdn/shop/files/BurgundyNapaAviator_c8d37a04-dee4-4606-828e-4ba60b180e02.png?v=1738675108&width=1920,https://16.192.29.174.nip.io/assets/recovery/joes-venture/images/burgundy-nappa-aviator-01-87663b84f7.png,backend/public/assets/recovery/joes-venture/images/burgundy-nappa-aviator-01-87663b84f7.png,1861861,downloaded,cached,
burgundy-nappa-cafe-racer,https://joesventure.com/cdn/shop/files/BURGUNDYNAPPACAFERACER_e63e1b86-a543-4125-9915-c7f076e8ee6b.png?v=1738687894&width=1920,,,0,failed,,HTTP Error 404: Not Found | HTTP Error 404: NOT FOUND
burgundy-nappa-cafe-racer,https://joesventure.com/cdn/shop/files/BURGUNDYNAPPACAFERACER_e63e1b86-a543-4125-9915-c7f076e8ee6b.png?v=1738687894,,,0,failed,,HTTP Error 404: Not Found | <urlopen error [Errno 111] Connection refused>
burgundy-nappa-suit-like-jacket,https://joesventure.com/cdn/shop/files/BURGUNDYNAPPASUITLIKEJACKET_fd51b7b6-42fb-4ba9-9185-e5de2c9cdcfc.png?v=1738687224&width=1920,,,0,failed,,HTTP Error 404: Not Found | <urlopen error [Errno 111] Connection refused>
burnt-brown-waxed-baby-buffalo-aviator,https://joesventure.com/cdn/shop/files/Untitled-210.jpg?v=1720444913&width=1024,https://16.192.29.174.nip.io/assets/recovery/joes-venture/images/burnt-brown-waxed-baby-buffalo-aviator-01-0f58d39273.jpg,backend/public/assets/recovery/joes-venture/images/burnt-brown-waxed-baby-buffalo-aviator-01-0f58d39273.jpg,125296,downloaded,cached,
business-essentials-bundle,https://joesventure.com/cdn/shop/files/BusinessBundle.png?v=1734627045&width=1920,https://16.192.29.174.nip.io/assets/recovery/joes-venture/images/business-essentials-bundle-01-db2e1656d3.png,backend/public/assets/recovery/joes-venture/images/business-essentials-bundle-01-db2e1656d3.png,1441225,downloaded,cached,
business-essentials-bundle,https://joesventure.com/cdn/shop/files/BusinessBundle2.png?v=1734627045&width=1920,https://16.192.29.174.nip.io/assets/recovery/joes-venture/images/business-essentials-bundle-02-8cd97ffc51.png,backend/public/assets/recovery/joes-venture/images/business-essentials-bundle-02-8cd97ffc51.png,34009,downloaded,cached,
business-essentials-bundle,https://joesventure.com/cdn/shop/files/BusinessBundle3.png?v=1734627045&width=1920,https://16.192.29.174.nip.io/assets/recovery/joes-venture/images/business-essentials-bundle-03-49b6f2c5cf.png,backend/public/assets/recovery/joes-venture/images/business-essentials-bundle-03-49b6f2c5cf.png,6315,downloaded,cached,
business-essentials-bundle,https://joesventure.com/cdn/shop/files/BusinessBundle.png?v=1734627045,https://16.192.29.174.nip.io/assets/recovery/joes-venture/images/business-essentials-bundle-04-3db8b230a1.png,backend/public/assets/recovery/joes-venture/images/business-essentials-bundle-04-3db8b230a1.png,1441225,downloaded,cached,
business-essentials-bundle,https://joesventure.com/cdn/shop/files/BusinessBundle2.png?v=1734627045,https://16.192.29.174.nip.io/assets/recovery/joes-venture/images/business-essentials-bundle-05-5805f4710f.png,backend/public/assets/recovery/joes-venture/images/business-essentials-bundle-05-5805f4710f.png,289798,downloaded,cached,
business-essentials-bundle,https://joesventure.com/cdn/shop/files/BusinessBundle3.png?v=1734627045,https://16.192.29.174.nip.io/assets/recovery/joes-venture/images/business-essentials-bundle-06-aa271960df.png,backend/public/assets/recovery/joes-venture/images/business-essentials-bundle-06-aa271960df.png,287467,downloaded,cached,
canvas-pencil-case,https://joesventure.com/cdn/shop/files/SNY09108.jpg?v=1716723075&width=1024,https://16.192.29.174.nip.io/assets/recovery/joes-venture/images/canvas-pencil-case-01-0405addef9.jpg,backend/public/assets/recovery/joes-venture/images/canvas-pencil-case-01-0405addef9.jpg,109147,downloaded,cached,
canvas-pencil-case,https://joesventure.com/cdn/shop/files/SNY09100.jpg?v=1716723090,https://16.192.29.174.nip.io/assets/recovery/joes-venture/images/canvas-pencil-case-02-ffd4405fa6.jpg,backend/public/assets/recovery/joes-venture/images/canvas-pencil-case-02-ffd4405fa6.jpg,495547,downloaded,cached,
canvas-pencil-case,https://joesventure.com/cdn/shop/files/SNY09108.jpg?v=1716723075,https://16.192.29.174.nip.io/assets/recovery/joes-venture/images/canvas-pencil-case-03-af9b5367ab.jpg,backend/public/assets/recovery/joes-venture/images/canvas-pencil-case-03-af9b5367ab.jpg,537906,downloaded,cached,
clipper-fold-wallet,https://cdn.shopify.com/s/files/1/0622/5890/5258/products/JLGBatch_B_12.jpg?v=1653832431&width=1024,,,0,failed,,HTTP Error 404: Not Found | <urlopen error [Errno 111] Connection refused>
clutch,https://joesventure.com/cdn/shop/files/CANE_1_LAID_DOWN.png?v=1750341181&width=1920,,,0,failed,,HTTP Error 404: Not Found | <urlopen error [Errno 111] Connection refused>
cow-nubuck-buttoned-jacket,https://joesventure.com/cdn/shop/files/CowNubockButtonedJacket.png?v=1738854645&width=1920,https://16.192.29.174.nip.io/assets/recovery/joes-venture/images/cow-nubuck-buttoned-jacket-01-1369384429.png,backend/public/assets/recovery/joes-venture/images/cow-nubuck-buttoned-jacket-01-1369384429.png,1694535,downloaded,cached,
cow-suede-ranger-jacket,https://cdn.shopify.com/s/files/1/0622/5890/5258/products/IMG_4737-2.jpg?v=1666186023&width=1024,,,0,failed,,HTTP Error 404: Not Found | HTTP Error 404: NOT FOUND
cracked-cow-classic-202,https://joesventure.com/cdn/shop/files/CRACKEDCOWCLASSIC202_15e919ec-2152-46b5-88bf-ebbc15f774b1.png?v=1738687402&width=1920,https://16.192.29.174.nip.io/assets/recovery/joes-venture/images/cracked-cow-classic-202-01-86cf384fe0.png,backend/public/assets/recovery/joes-venture/images/cracked-cow-classic-202-01-86cf384fe0.png,1719834,downloaded,cached,
cropped-bustier-34-b,https://joesventure.com/cdn/shop/files/CROPPEDBUSTIER34-B_d3594897-bd8f-4203-bdb5-4d346d3564c8.png?v=1738680990&width=1920,,,0,failed,,HTTP Error 404: Not Found | <urlopen error [Errno 111] Connection refused>
cropped-bustier-sans-bretelle,https://joesventure.com/cdn/shop/files/CROPPEDBUSTIERSANSBRETELLE_68f9679b-5a1c-4cfd-a54f-53326613a3a7.png?v=1738684276&width=1920,,,0,failed,,HTTP Error 404: Not Found | <urlopen error [Errno 111] Connection refused>
cropped-cafe-racer-oil-tanned-baby-buffalo,https://joesventure.com/cdn/shop/files/CroppedCAFERACEROILTANNEDBABYBUFFALO_a0d72179-fa03-465f-9c93-d0aaa9040513.png?v=1738678687&width=1920,,,0,failed,,HTTP Error 404: Not Found | <urlopen error [Errno 111] Connection refused>
dark-blue-denim-cut-vest,https://joesventure.com/cdn/shop/files/DARKVLUEDENIMCUTVESTVINTAGEBUTTONS_55d57da2-e589-4472-9e1d-595902f5445b.png?v=1738681309&width=1920,https://16.192.29.174.nip.io/assets/recovery/joes-venture/images/dark-blue-denim-cut-vest-01-4f5adca925.png,backend/public/assets/recovery/joes-venture/images/dark-blue-denim-cut-vest-01-4f5adca925.png,1389594,downloaded,cached,
dark-blue-suede-denim-cut,https://joesventure.com/cdn/shop/files/DARKBLUESUEIDEDENIMCUTJACKET_5b4ba31c-94e1-4126-ac8b-73f883f7b86c.png?v=1738679608&width=1920,,,0,failed,,HTTP Error 404: Not Found | <urlopen error [Errno 111] Connection refused>
diwan-coaster,https://joesventure.com/cdn/shop/files/Untitled-91_70c4d8bd-2429-4e3b-b40b-27b0d8e897d0.png?v=1738708188&width=1920,,,0,failed,,HTTP Error 404: Not Found | <urlopen error [Errno 111] Connection refused>
eclipse-pebbled-boot-cleaner,https://joesventure.com/cdn/shop/files/Untitled-89copy.png?v=1738713740&width=1920,,,0,failed,,HTTP Error 404: Not Found | <urlopen error [Errno 111] Connection refused>
eclipse-pebbled-boot-cleaner,https://joesventure.com/cdn/shop/files/Untitled-89copy.png?v=1738713740,,,0,failed,,HTTP Error 404: Not Found | <urlopen error [Errno 111] Connection refused>
eclipse-pebbled-business-duffle-carryon,https://joesventure.com/cdn/shop/files/Untitled-153.png?v=1738713947&width=1920,https://16.192.29.174.nip.io/assets/recovery/joes-venture/images/eclipse-pebbled-business-duffle-carryon-01-880eec8d36.png,backend/public/assets/recovery/joes-venture/images/eclipse-pebbled-business-duffle-carryon-01-880eec8d36.png,1316408,downloaded,cached,
eclipse-pebbled-business-duffle-carryon,https://joesventure.com/cdn/shop/files/Untitled-153.png?v=1738713947,https://16.192.29.174.nip.io/assets/recovery/joes-venture/images/eclipse-pebbled-business-duffle-carryon-02-ce1791b675.png,backend/public/assets/recovery/joes-venture/images/eclipse-pebbled-business-duffle-carryon-02-ce1791b675.png,1316408,downloaded,cached,
eclipse-pebbled-college-backpack,https://joesventure.com/cdn/shop/files/Untitled-142copy.png?v=1738714593&width=1920,https://16.192.29.174.nip.io/assets/recovery/joes-venture/images/eclipse-pebbled-college-backpack-01-59cddc5918.png,backend/public/assets/recovery/joes-venture/images/eclipse-pebbled-college-backpack-01-59cddc5918.png,1704313,downloaded,cached,
eclipse-pebbled-college-backpack,https://joesventure.com/cdn/shop/files/Untitled-142copy.png?v=1738714593,https://16.192.29.174.nip.io/assets/recovery/joes-venture/images/eclipse-pebbled-college-backpack-02-0634c2aba9.png,backend/public/assets/recovery/joes-venture/images/eclipse-pebbled-college-backpack-02-0634c2aba9.png,1704313,downloaded,cached,
eclipse-pebbled-fanny-pack,https://joesventure.com/cdn/shop/files/Untitled-146copy.png?v=1738714736&width=1920,https://16.192.29.174.nip.io/assets/recovery/joes-venture/images/eclipse-pebbled-fanny-pack-01-b61581b751.png,backend/public/assets/recovery/joes-venture/images/eclipse-pebbled-fanny-pack-01-b61581b751.png,1072912,downloaded,cached,
eclipse-pebbled-fanny-pack,https://joesventure.com/cdn/shop/files/Untitled-146copy.png?v=1738714736,https://16.192.29.174.nip.io/assets/recovery/joes-venture/images/eclipse-pebbled-fanny-pack-02-431c30169e.png,backend/public/assets/recovery/joes-venture/images/eclipse-pebbled-fanny-pack-02-431c30169e.png,1072912,downloaded,cached,
eclipse-pebbled-large-box-bag,https://joesventure.com/cdn/shop/files/Untitled-149copy.png?v=1738714452&width=1920,https://16.192.29.174.nip.io/assets/recovery/joes-venture/images/eclipse-pebbled-large-box-bag-01-58f1e2a3dc.png,backend/public/assets/recovery/joes-venture/images/eclipse-pebbled-large-box-bag-01-58f1e2a3dc.png,1665145,downloaded,cached,
eclipse-pebbled-large-box-bag,https://joesventure.com/cdn/shop/files/Untitled-149copy.png?v=1738714452,https://16.192.29.174.nip.io/assets/recovery/joes-venture/images/eclipse-pebbled-large-box-bag-02-e302238944.png,backend/public/assets/recovery/joes-venture/images/eclipse-pebbled-large-box-bag-02-e302238944.png,1665145,downloaded,cached,
eclipse-pebbled-toiletry-bag,https://joesventure.com/cdn/shop/files/Untitled-97copy.png?v=1738712216&width=1920,https://16.192.29.174.nip.io/assets/recovery/joes-venture/images/eclipse-pebbled-toiletry-bag-01-eca08504f0.png,backend/public/assets/recovery/joes-venture/images/eclipse-pebbled-toiletry-bag-01-eca08504f0.png,842729,downloaded,cached,
eclipse-pebbled-toiletry-bag,https://joesventure.com/cdn/shop/files/Untitled-97copy.png?v=1738712216,https://16.192.29.174.nip.io/assets/recovery/joes-venture/images/eclipse-pebbled-toiletry-bag-02-473af46f49.png,backend/public/assets/recovery/joes-venture/images/eclipse-pebbled-toiletry-bag-02-473af46f49.png,842729,downloaded,cached,
eclipse-pebbled-zipped-laptop-sleeve,https://joesventure.com/cdn/shop/files/Untitled-94copy.png?v=1738714192&width=1920,,,0,failed,,HTTP Error 404: Not Found | HTTP Error 404: NOT FOUND
eclipse-pebbled-zipped-laptop-sleeve,https://joesventure.com/cdn/shop/files/Untitled-94copy.png?v=1738714192,,,0,failed,,HTTP Error 404: Not Found | <urlopen error [Errno 111] Connection refused>
elastic-set,https://joesventure.com/cdn/shop/files/SNY09573.jpg?v=1720785180&width=1920,,,0,failed,,HTTP Error 404: Not Found | <urlopen error [Errno 111] Connection refused>
fly-swatter,https://joesventure.com/cdn/shop/files/SNY09134.jpg?v=1716723859&width=1024,https://16.192.29.174.nip.io/assets/recovery/joes-venture/images/fly-swatter-01-6c6efff476.jpg,backend/public/assets/recovery/joes-venture/images/fly-swatter-01-6c6efff476.jpg,87128,downloaded,cached,
fly-swatter,https://joesventure.com/cdn/shop/files/SNY09144.jpg?v=1716723859,https://16.192.29.174.nip.io/assets/recovery/joes-venture/images/fly-swatter-02-306ac98827.jpg,backend/public/assets/recovery/joes-venture/images/fly-swatter-02-306ac98827.jpg,378665,downloaded,cached,
fly-swatter,https://joesventure.com/cdn/shop/files/SNY09134.jpg?v=1716723859,https://16.192.29.174.nip.io/assets/recovery/joes-venture/images/fly-swatter-03-8e9827dbe6.jpg,backend/public/assets/recovery/joes-venture/images/fly-swatter-03-8e9827dbe6.jpg,392550,downloaded,cached,
fly-swatter,https://joesventure.com/cdn/shop/files/SNY09139.jpg?v=1716723859,https://16.192.29.174.nip.io/assets/recovery/joes-venture/images/fly-swatter-04-ea565cf253.jpg,backend/public/assets/recovery/joes-venture/images/fly-swatter-04-ea565cf253.jpg,405600,downloaded,cached,
green-lamb-nappa-aviator,https://joesventure.com/cdn/shop/files/Untitled-225.jpg?v=1720448982&width=1920,https://16.192.29.174.nip.io/assets/recovery/joes-venture/images/green-lamb-nappa-aviator-01-404b68e66e.jpg,backend/public/assets/recovery/joes-venture/images/green-lamb-nappa-aviator-01-404b68e66e.jpg,325796,downloaded,cached,
green-nappa-perfecto,https://joesventure.com/cdn/shop/files/084.jpg?v=1720438371&width=1024,,,0,failed,,HTTP Error 404: Not Found | <urlopen error [Errno 111] Connection refused>
green-nappa-perfecto-1,https://joesventure.com/cdn/shop/files/GreenNappaPErfecto_2c4b6b6c-30f3-4385-bdfe-03d0da8c4f3f.png?v=1738672170&width=1920,,,0,failed,,HTTP Error 404: Not Found | <urlopen error [Errno 111] Connection refused>
hardcover-notebook,https://joesventure.com/cdn/shop/files/rn-image_picker_lib_temp_f919793d-c0f7-4fbd-91fe-ec645608a83f.jpg?v=1715351298&width=1024,,,0,failed,,HTTP Error 404: Not Found | <urlopen error [Errno 111] Connection refused>
hook-keychain,https://cdn.shopify.com/s/files/1/0622/5890/5258/products/JLGLast30.jpg?v=1654638490&width=1024,,,0,failed,,HTTP Error 404: Not Found | <urlopen error [Errno 111] Connection refused>
jlg-giza-tote-bag,https://cdn.shopify.com/s/files/1/0622/5890/5258/products/JLGBatch_C_42.jpg?v=1654170554&width=1024,https://16.192.29.174.nip.io/assets/recovery/joes-venture/images/jlg-giza-tote-bag-01-1a909b8cd2.jpg,backend/public/assets/recovery/joes-venture/images/jlg-giza-tote-bag-01-1a909b8cd2.jpg,189846,downloaded,cached,
joe-s-leather-balm™,https://joesventure.com/cdn/shop/products/JLGBrush_Wax1.jpg?v=1655985978&width=1024,https://16.192.29.174.nip.io/assets/recovery/joes-venture/images/joe-s-leather-balm-01-7a507dce97.jpg,backend/public/assets/recovery/joes-venture/images/joe-s-leather-balm-01-7a507dce97.jpg,86428,downloaded,cached,
joes-nappa-perfecto,https://cdn.shopify.com/s/files/1/0622/5890/5258/products/IMG_4064ftg.jpg?v=1665560303&width=1024,https://16.192.29.174.nip.io/assets/recovery/joes-venture/images/joes-nappa-perfecto-01-f670f73833.jpg,backend/public/assets/recovery/joes-venture/images/joes-nappa-perfecto-01-f670f73833.jpg,1340768,downloaded,cached,
la-pochetter,https://joesventure.com/cdn/shop/products/JLGLast11.jpg?v=1654638203&width=1024,https://16.192.29.174.nip.io/assets/recovery/joes-venture/images/la-pochetter-01-868bbabd68.jpg,backend/public/assets/recovery/joes-venture/images/la-pochetter-01-868bbabd68.jpg,113786,downloaded,cached,
la-pochetter,https://joesventure.com/cdn/shop/products/JLGLast11.jpg?v=1654638203,https://16.192.29.174.nip.io/assets/recovery/joes-venture/images/la-pochetter-02-47a560ec6b.jpg,backend/public/assets/recovery/joes-venture/images/la-pochetter-02-47a560ec6b.jpg,1385841,downloaded,cached,
la-pochetter,https://joesventure.com/cdn/shop/products/JLGLast9.jpg?v=1654638203,https://16.192.29.174.nip.io/assets/recovery/joes-venture/images/la-pochetter-03-1a4fc58945.jpg,backend/public/assets/recovery/joes-venture/images/la-pochetter-03-1a4fc58945.jpg,1289001,downloaded,cached,
la-pochetter,https://joesventure.com/cdn/shop/products/JLGLast10.jpg?v=1654638203,https://16.192.29.174.nip.io/assets/recovery/joes-venture/images/la-pochetter-04-923acc5b71.jpg,backend/public/assets/recovery/joes-venture/images/la-pochetter-04-923acc5b71.jpg,1214392,downloaded,cached,
lamb-napa-aviator-jacket,https://cdn.shopify.com/s/files/1/0622/5890/5258/products/IMG_4591.jpg?v=1665560202&width=1024,,,0,failed,,HTTP Error 404: Not Found | <urlopen error [Errno 111] Connection refused>
lamb-napa-cafe-racer,https://cdn.shopify.com/s/files/1/0622/5890/5258/products/JLGJackets_C_12.jpg?v=1654169359&width=1024,,,0,failed,,HTTP Error 404: Not Found | <urlopen error [Errno 111] Connection refused>
lamb-napa-denim-cut-jacket,https://cdn.shopify.com/s/files/1/0622/5890/5258/products/4Z5A0781.jpg?v=1665560281&width=1024,,,0,failed,,HTTP Error 404: Not Found | <urlopen error [Errno 111] Connection refused>
lamb-napa-lapel,https://cdn.shopify.com/s/files/1/0622/5890/5258/products/IMG_4254.jpg?v=1665560225&width=1024,,,0,failed,,HTTP Error 404: Not Found | <urlopen error [Errno 111] Connection refused>
lamb-napa-woman-cafe-racer,https://cdn.shopify.com/s/files/1/0622/5890/5258/products/IMG_4064d.jpg?v=1665560034&width=1024,,,0,failed,,HTTP Error 404: Not Found | <urlopen error [Errno 111] Connection refused>
lamb-nappa-cropped-denim-cut-petroleum-grey,https://joesventure.com/cdn/shop/files/Untitled-232.jpg?v=1720527075&width=1024,https://16.192.29.174.nip.io/assets/recovery/joes-venture/images/lamb-nappa-cropped-denim-cut-petroleum-grey-01-19754dfdf2.jpg,backend/public/assets/recovery/joes-venture/images/lamb-nappa-cropped-denim-cut-petroleum-grey-01-19754dfdf2.jpg,148015,downloaded,cached,
lamb-nappa-green-cafe-racer,https://joesventure.com/cdn/shop/files/Untitled-105_25a5e7c9-29a8-43ed-bf37-7c65ecf49b4d.png?v=1738063453&width=1920,,,0,failed,,HTTP Error 404: Not Found | <urlopen error [Errno 111] Connection refused>
lamb-nappa-green-cafe-racer-1,https://joesventure.com/cdn/shop/files/094.jpg?v=1720439928&width=1920,,,0,failed,,HTTP Error 404: Not Found | <urlopen error [Errno 111] Connection refused>
lamb-nappa-pe,https://joesventure.com/cdn/shop/files/Untitled-78_2cb45f5b-a035-4467-a0d6-471cda4f62f4.png?v=1738065407&width=1920,,,0,failed,,HTTP Error 404: Not Found | <urlopen error [Errno 111] Connection refused>
lamb-nappa-woman-perfecto,https://cdn.shopify.com/s/files/1/0622/5890/5258/products/IMG_4228.jpg?v=1665560250&width=1024,,,0,failed,,HTTP Error 404: Not Found | <urlopen error [Errno 111] Connection refused>
laptop-bag,https://joesventure.com/cdn/shop/files/SNY09183.png?v=1718014559&width=1024,https://16.192.29.174.nip.io/assets/recovery/joes-venture/images/laptop-bag-01-177b6e3600.png,backend/public/assets/recovery/joes-venture/images/laptop-bag-01-177b6e3600.png,882502,downloaded,cached,
laptop-bag,https://joesventure.com/cdn/shop/files/rn-image_picker_lib_temp_2f7b3bee-7744-4348-ac77-ee93c41f3bc7.jpg?v=1718014559,https://16.192.29.174.nip.io/assets/recovery/joes-venture/images/laptop-bag-02-238ef70cbf.jpg,backend/public/assets/recovery/joes-venture/images/laptop-bag-02-238ef70cbf.jpg,894618,downloaded,cached,
laptop-bag,https://joesventure.com/cdn/shop/files/rn-image_picker_lib_temp_c6365f8c-b12c-472e-abdd-507f336f8194.jpg?v=1718014559,https://16.192.29.174.nip.io/assets/recovery/joes-venture/images/laptop-bag-03-d73986d2a7.jpg,backend/public/assets/recovery/joes-venture/images/laptop-bag-03-d73986d2a7.jpg,492296,downloaded,cached,
leather-apron,https://joesventure.com/cdn/shop/files/SNY09130.jpg?v=1716726017&width=1024,https://16.192.29.174.nip.io/assets/recovery/joes-venture/images/leather-apron-01-bad9c1272c.jpg,backend/public/assets/recovery/joes-venture/images/leather-apron-01-bad9c1272c.jpg,377422,downloaded,cached,
leather-desk-mat,https://joesventure.com/cdn/shop/files/SNY07489.jpg?v=1713989744&width=1024,,,0,failed,,HTTP Error 404: Not Found | HTTP Error 404: NOT FOUND
leather-horse-hair-brush,https://joesventure.com/cdn/shop/products/JLGBrush_Wax2.jpg?v=1655989660&width=1024,https://16.192.29.174.nip.io/assets/recovery/joes-venture/images/leather-horse-hair-brush-01-fa81857bf3.jpg,backend/public/assets/recovery/joes-venture/images/leather-horse-hair-brush-01-fa81857bf3.jpg,89596,downloaded,cached,
leather-mouse-pad,https://joesventure.com/cdn/shop/files/SNY07691.jpg?v=1714413910&width=1024,https://16.192.29.174.nip.io/assets/recovery/joes-venture/images/leather-mouse-pad-01-9f92538aae.jpg,backend/public/assets/recovery/joes-venture/images/leather-mouse-pad-01-9f92538aae.jpg,289884,downloaded,cached,
leather-roll-up,https://joesventure.com/cdn/shop/files/SNY05402.jpg?v=1722505004&width=1024,https://16.192.29.174.nip.io/assets/recovery/joes-venture/images/leather-roll-up-01-f35318708b.jpg,backend/public/assets/recovery/joes-venture/images/leather-roll-up-01-f35318708b.jpg,94305,downloaded,cached,
leather-stool,https://joesventure.com/cdn/shop/files/rn-image_picker_lib_temp_38c5b003-eb41-4244-951f-97b9eb48cb7b.jpg?v=1714244269&width=1024,https://16.192.29.174.nip.io/assets/recovery/joes-venture/images/leather-stool-01-a19cd891fc.jpg,backend/public/assets/recovery/joes-venture/images/leather-stool-01-a19cd891fc.jpg,142852,downloaded,cached,
light-brown-nappa-denim-cut,https://joesventure.com/cdn/shop/files/LIGHTBROWNNAPPAdenimcut_fd16e807-d9ee-442f-b75c-abdfa6be800a.png?v=1738853022&width=1920,https://16.192.29.174.nip.io/assets/recovery/joes-venture/images/light-brown-nappa-denim-cut-01-de960fc3b6.png,backend/public/assets/recovery/joes-venture/images/light-brown-nappa-denim-cut-01-de960fc3b6.png,621450,downloaded,cached,
lite-pro,https://joesventure.com/cdn/shop/files/IMG_7291W.jpg?v=1685804098&width=1024,,,0,failed,,HTTP Error 404: Not Found | <urlopen error [Errno 111] Connection refused>
lite-pro,https://joesventure.com/cdn/shop/files/IMG_7291W.jpg?v=1685804098,,,0,failed,,HTTP Error 404: Not Found | <urlopen error [Errno 111] Connection refused>
lite-pro,https://joesventure.com/cdn/shop/files/IMG_7294W.jpg?v=1686043084,,,0,failed,,HTTP Error 404: Not Found | <urlopen error [Errno 111] Connection refused>
long-wallet,https://joesventure.com/cdn/shop/files/Untitled-12copy.png?v=1738698342&width=1920,,,0,failed,,HTTP Error 404: Not Found | <urlopen error [Errno 111] Connection refused>
long-wallet,https://joesventure.com/cdn/shop/files/Untitled-9copy_f01dde68-2907-4ae9-8cb8-7dc88829728d.png?v=1738698342&width=1920,https://16.192.29.174.nip.io/assets/recovery/joes-venture/images/long-wallet-02-2547396a7f.png,backend/public/assets/recovery/joes-venture/images/long-wallet-02-2547396a7f.png,390568,downloaded,cached,
long-wallet,https://joesventure.com/cdn/shop/files/Untitled-11copy.png?v=1738698342&width=1920,https://16.192.29.174.nip.io/assets/recovery/joes-venture/images/long-wallet-03-0e3448912e.png,backend/public/assets/recovery/joes-venture/images/long-wallet-03-0e3448912e.png,310745,downloaded,cached,
macbook-sleeve,https://cdn.shopify.com/s/files/1/0622/5890/5258/products/JLGBatch_B_93.jpg?v=1653838187&width=1024,https://16.192.29.174.nip.io/assets/recovery/joes-venture/images/macbook-sleeve-01-f6c6eee91b.jpg,backend/public/assets/recovery/joes-venture/images/macbook-sleeve-01-f6c6eee91b.jpg,75116,downloaded,cached,
messenger-bag,https://joesventure.com/cdn/shop/files/SNY09164.jpg?v=1717598284&width=1024,https://16.192.29.174.nip.io/assets/recovery/joes-venture/images/messenger-bag-01-ecb0c58ef5.jpg,backend/public/assets/recovery/joes-venture/images/messenger-bag-01-ecb0c58ef5.jpg,137240,downloaded,cached,
no-1,https://joesventure.com/cdn/shop/files/1024X1024_SHOTS4.png?v=1749553906&width=1920,https://16.192.29.174.nip.io/assets/recovery/joes-venture/images/no-1-01-c430c6517b.png,backend/public/assets/recovery/joes-venture/images/no-1-01-c430c6517b.png,696649,downloaded,cached,
no-2,https://joesventure.com/cdn/shop/files/1024X1024SHOTS3.png?v=1749553886&width=1920,,,0,failed,,HTTP Error 404: Not Found | <urlopen error [Errno 111] Connection refused>
no-3,https://joesventure.com/cdn/shop/files/1024X1024_SHOTS_2.png?v=1749553848&width=1920,,,0,failed,,HTTP Error 404: Not Found | <urlopen error [Errno 111] Connection refused>
nomad-fanny-pack,https://joesventure.com/cdn/shop/files/SNY07733.jpg?v=1717057785&width=1024,https://16.192.29.174.nip.io/assets/recovery/joes-venture/images/nomad-fanny-pack-01-e30771cd24.jpg,backend/public/assets/recovery/joes-venture/images/nomad-fanny-pack-01-e30771cd24.jpg,130488,downloaded,cached,
nomad-fanny-pack,https://joesventure.com/cdn/shop/files/SNY07733.jpg?v=1717057785,https://16.192.29.174.nip.io/assets/recovery/joes-venture/images/nomad-fanny-pack-02-2f3becda1f.jpg,backend/public/assets/recovery/joes-venture/images/nomad-fanny-pack-02-2f3becda1f.jpg,1046167,downloaded,cached,
nomad-fanny-pack,https://joesventure.com/cdn/shop/files/rn-image_picker_lib_temp_2a5a8f1f-bd7c-4ba4-95b2-d2cf1a495e57.jpg?v=1717057785,https://16.192.29.174.nip.io/assets/recovery/joes-venture/images/nomad-fanny-pack-03-1e99ed9ffd.jpg,backend/public/assets/recovery/joes-venture/images/nomad-fanny-pack-03-1e99ed9ffd.jpg,793947,downloaded,cached,
nomad-tote-bag,https://joesventure.com/cdn/shop/files/Untitled-118_254b9d0e-ee8e-4256-b9a3-b5b4179d0dd8.png?v=1738698802&width=1920,,,0,failed,,HTTP Error 404: Not Found | <urlopen error [Errno 111] Connection refused>
nomad-tote-bag,https://joesventure.com/cdn/shop/files/Untitled-117copy.png?v=1738698802&width=1920,,,0,failed,,HTTP Error 404: Not Found | <urlopen error [Errno 111] Connection refused>
nomad-tote-bag,https://joesventure.com/cdn/shop/files/Untitled-118_254b9d0e-ee8e-4256-b9a3-b5b4179d0dd8.png?v=1738698802,,,0,failed,,HTTP Error 404: Not Found | HTTP Error 404: NOT FOUND
nomad-tote-bag,https://joesventure.com/cdn/shop/files/Untitled-117copy.png?v=1738698802,,,0,failed,,HTTP Error 404: Not Found | <urlopen error [Errno 111] Connection refused>
oiled-forest-green-cow-classic,https://joesventure.com/cdn/shop/files/OILED_FORREST_GREEN_COW_CLASSIC_PERFECTO.png?v=1738852837&width=1920,,,0,failed,,HTTP Error 404: Not Found | <urlopen error [Errno 111] Connection refused>
passport-cover,https://cdn.shopify.com/s/files/1/0622/5890/5258/products/JLGLast14.jpg?v=1654638871&width=1024,https://16.192.29.174.nip.io/assets/recovery/joes-venture/images/passport-cover-01-430c528486.jpg,backend/public/assets/recovery/joes-venture/images/passport-cover-01-430c528486.jpg,72755,downloaded,cached,
pebbled-mssenger-bag,https://joesventure.com/cdn/shop/files/IMG_8494.jpg?v=1709378731&width=1024,https://16.192.29.174.nip.io/assets/recovery/joes-venture/images/pebbled-mssenger-bag-01-8ba73dcec6.jpg,backend/public/assets/recovery/joes-venture/images/pebbled-mssenger-bag-01-8ba73dcec6.jpg,72622,downloaded,cached,
pencil-case,https://joesventure.com/cdn/shop/files/SNY05879.jpg?v=1713986071&width=1024,,,0,failed,,HTTP Error 404: Not Found | <urlopen error [Errno 111] Connection refused>
pro-tote,https://joesventure.com/cdn/shop/files/IMG_7248.jpg?v=1685813792&width=1024,,,0,failed,,HTTP Error 404: Not Found | <urlopen error [Errno 111] Connection refused>
puffed-nappa,https://joesventure.com/cdn/shop/files/PuffedNappa_27ff64bb-1f69-4034-aee0-a307c135166f.png?v=1738765226&width=1920,,,0,failed,,HTTP Error 404: Not Found | <urlopen error [Errno 111] Connection refused>
puffed-nappa-leather-vest,https://joesventure.com/cdn/shop/files/PUFFEDNAPpALEATHERVEST.png?v=1738680695&width=1920,,,0,failed,,HTTP Error 404: Not Found | <urlopen error [Errno 111] Connection refused>
purple-pull-up-no-52-jacket-size-52,https://joesventure.com/cdn/shop/files/011.jpg?v=1720794910&width=1024,https://16.192.29.174.nip.io/assets/recovery/joes-venture/images/purple-pull-up-no-52-jacket-size-52-01-5ad2d213db.jpg,backend/public/assets/recovery/joes-venture/images/purple-pull-up-no-52-jacket-size-52-01-5ad2d213db.jpg,157100,downloaded,cached,
pyrenees-backpack,https://cdn.shopify.com/s/files/1/0622/5890/5258/products/JLGBatch_C_36.jpg?v=1653773123&width=1024,https://16.192.29.174.nip.io/assets/recovery/joes-venture/images/pyrenees-backpack-01-1ae000364e.jpg,backend/public/assets/recovery/joes-venture/images/pyrenees-backpack-01-1ae000364e.jpg,187998,downloaded,cached,
red-leather-crop-jacket,https://joesventure.com/cdn/shop/files/REDNAPPASUITJACKET_59c21976-ef51-4b9c-84ad-09365cffcd7f.png?v=1738686082&width=1920,,,0,failed,,HTTP Error 404: Not Found | <urlopen error [Errno 111] Connection refused>
shades-cover,https://joesventure.com/cdn/shop/files/SNY09115.jpg?v=1716720827&width=1024,https://16.192.29.174.nip.io/assets/recovery/joes-venture/images/shades-cover-01-33bdbd5ad7.jpg,backend/public/assets/recovery/joes-venture/images/shades-cover-01-33bdbd5ad7.jpg,128624,downloaded,cached,
shades-cover,https://joesventure.com/cdn/shop/files/SNY09115.jpg?v=1716720827,https://16.192.29.174.nip.io/assets/recovery/joes-venture/images/shades-cover-02-43d2c8ea8a.jpg,backend/public/assets/recovery/joes-venture/images/shades-cover-02-43d2c8ea8a.jpg,473303,downloaded,cached,
shades-cover,https://joesventure.com/cdn/shop/files/SNY09120.jpg?v=1716720827,https://16.192.29.174.nip.io/assets/recovery/joes-venture/images/shades-cover-03-4985510fd9.jpg,backend/public/assets/recovery/joes-venture/images/shades-cover-03-4985510fd9.jpg,602310,downloaded,cached,
shades-cover,https://joesventure.com/cdn/shop/files/SNY09119.jpg?v=1716720827,https://16.192.29.174.nip.io/assets/recovery/joes-venture/images/shades-cover-04-27e0865553.jpg,backend/public/assets/recovery/joes-venture/images/shades-cover-04-27e0865553.jpg,461675,downloaded,cached,
stone-washed-brown-lamb-nappa-lapel,https://joesventure.com/cdn/shop/files/Untitled-216.jpg?v=1720446438&width=1024,,,0,failed,,HTTP Error 404: Not Found | <urlopen error [Errno 111] Connection refused>
stone-washed-brown-lamb-nappa-perfecto,https://joesventure.com/cdn/shop/files/Untitled-27.jpg?v=1720444657&width=1024,https://16.192.29.174.nip.io/assets/recovery/joes-venture/images/stone-washed-brown-lamb-nappa-perfecto-01-203839c69a.jpg,backend/public/assets/recovery/joes-venture/images/stone-washed-brown-lamb-nappa-perfecto-01-203839c69a.jpg,187125,downloaded,cached,
the-a5-analog,https://cdn.shopify.com/s/files/1/0622/5890/5258/products/JLGLast22.jpg?v=1655913006&width=1024,https://16.192.29.174.nip.io/assets/recovery/joes-venture/images/the-a5-analog-01-9860cfb422.jpg,backend/public/assets/recovery/joes-venture/images/the-a5-analog-01-9860cfb422.jpg,92936,downloaded,cached,
the-business-duffle,https://joesventure.com/cdn/shop/files/IMG_7220W.jpg?v=1685806007&width=1024,https://16.192.29.174.nip.io/assets/recovery/joes-venture/images/the-business-duffle-01-ecded03c56.jpg,backend/public/assets/recovery/joes-venture/images/the-business-duffle-01-ecded03c56.jpg,66854,downloaded,cached,
the-business-duffle,https://joesventure.com/cdn/shop/files/IMG_7220W.jpg?v=1685806007,https://16.192.29.174.nip.io/assets/recovery/joes-venture/images/the-business-duffle-02-9579f41b63.jpg,backend/public/assets/recovery/joes-venture/images/the-business-duffle-02-9579f41b63.jpg,199963,downloaded,cached,
the-business-duffle,https://joesventure.com/cdn/shop/files/IMG_7222W.jpg?v=1686044218,https://16.192.29.174.nip.io/assets/recovery/joes-venture/images/the-business-duffle-03-0bd36ffc7d.jpg,backend/public/assets/recovery/joes-venture/images/the-business-duffle-03-0bd36ffc7d.jpg,186854,downloaded,cached,
the-business-lite,https://joesventure.com/cdn/shop/files/IMG_7320W.jpg?v=1685808820&width=1024,,,0,failed,,HTTP Error 404: Not Found | <urlopen error [Errno 111] Connection refused>
the-business-lite,https://joesventure.com/cdn/shop/files/IMG_7320W.jpg?v=1685808820,,,0,failed,,HTTP Error 404: Not Found | <urlopen error [Errno 111] Connection refused>
the-business-lite,https://joesventure.com/cdn/shop/files/IMG_7313W.jpg?v=1685808819,,,0,failed,,HTTP Error 404: Not Found | <urlopen error [Errno 111] Connection refused>
the-coquin,https://joesventure.com/cdn/shop/files/1720014965199.jpg?v=1720431867&width=1024,,,0,failed,,HTTP Error 404: Not Found | <urlopen error [Errno 111] Connection refused>
the-coquin,https://joesventure.com/cdn/shop/files/1720014965199.jpg?v=1720431867,,,0,failed,,HTTP Error 404: Not Found | <urlopen error [Errno 111] Connection refused>
the-coquin,https://joesventure.com/cdn/shop/files/1720014965345.jpg?v=1720431867,,,0,failed,,HTTP Error 404: Not Found | <urlopen error [Errno 111] Connection refused>
the-coquin,https://joesventure.com/cdn/shop/files/1720014965302.jpg?v=1720431867,,,0,failed,,HTTP Error 404: Not Found | <urlopen error [Errno 111] Connection refused>
the-coquin,https://joesventure.com/cdn/shop/files/1720014965556.jpg?v=1720431867,,,0,failed,,HTTP Error 404: Not Found | <urlopen error [Errno 111] Connection refused>
the-coral,https://joesventure.com/cdn/shop/files/1720014965026.jpg?v=1720431434&width=1920,,,0,failed,,HTTP Error 404: Not Found | HTTP Error 404: NOT FOUND
the-coral,https://joesventure.com/cdn/shop/files/1720014965251.jpg?v=1720431434&width=1920,,,0,failed,,HTTP Error 404: Not Found | HTTP Error 404: NOT FOUND
the-coral,https://joesventure.com/cdn/shop/files/1720014965321.jpg?v=1720431434&width=1920,,,0,failed,,HTTP Error 404: Not Found | <urlopen error [Errno 111] Connection refused>
the-coral,https://joesventure.com/cdn/shop/files/1720014965626.jpg?v=1720431434&width=1920,,,0,failed,,HTTP Error 404: Not Found | <urlopen error [Errno 111] Connection refused>
the-coral,https://joesventure.com/cdn/shop/files/1720014965026.jpg?v=1720431434,,,0,failed,,HTTP Error 404: Not Found | <urlopen error [Errno 111] Connection refused>
the-coral,https://joesventure.com/cdn/shop/files/1720014965251.jpg?v=1720431434,,,0,failed,,HTTP Error 404: Not Found | <urlopen error [Errno 111] Connection refused>
the-coral,https://joesventure.com/cdn/shop/files/1720014965321.jpg?v=1720431434,,,0,failed,,HTTP Error 404: Not Found | <urlopen error [Errno 111] Connection refused>
the-coral,https://joesventure.com/cdn/shop/files/1720014965626.jpg?v=1720431434,,,0,failed,,HTTP Error 404: Not Found | <urlopen error [Errno 111] Connection refused>
the-duffle-lite,https://joesventure.com/cdn/shop/files/IMG_7391W.jpg?v=1685878141&width=1024,https://16.192.29.174.nip.io/assets/recovery/joes-venture/images/the-duffle-lite-01-7241f4cf30.jpg,backend/public/assets/recovery/joes-venture/images/the-duffle-lite-01-7241f4cf30.jpg,58221,downloaded,cached,
the-duffle-lite,https://joesventure.com/cdn/shop/files/IMG_7391W.jpg?v=1685878141,https://16.192.29.174.nip.io/assets/recovery/joes-venture/images/the-duffle-lite-02-083284fe07.jpg,backend/public/assets/recovery/joes-venture/images/the-duffle-lite-02-083284fe07.jpg,168551,downloaded,cached,
the-duffle-lite,https://joesventure.com/cdn/shop/files/IMG_7389W.jpg?v=1685878142,https://16.192.29.174.nip.io/assets/recovery/joes-venture/images/the-duffle-lite-03-56ec404878.jpg,backend/public/assets/recovery/joes-venture/images/the-duffle-lite-03-56ec404878.jpg,121574,downloaded,cached,
the-explorer-bag,https://cdn.shopify.com/s/files/1/0622/5890/5258/products/JLGBatch_C_27.jpg?v=1653830130&width=1024,https://16.192.29.174.nip.io/assets/recovery/joes-venture/images/the-explorer-bag-01-8a8d24d399.jpg,backend/public/assets/recovery/joes-venture/images/the-explorer-bag-01-8a8d24d399.jpg,97744,downloaded,cached,
the-fanny-pack,https://joesventure.com/cdn/shop/files/IMG_7400.jpg?v=1685877886&width=1024,https://16.192.29.174.nip.io/assets/recovery/joes-venture/images/the-fanny-pack-01-e8d5da87c5.jpg,backend/public/assets/recovery/joes-venture/images/the-fanny-pack-01-e8d5da87c5.jpg,66902,downloaded,cached,
the-fanny-pack,https://joesventure.com/cdn/shop/files/IMG_7400.jpg?v=1685877886,https://16.192.29.174.nip.io/assets/recovery/joes-venture/images/the-fanny-pack-02-31b26823b5.jpg,backend/public/assets/recovery/joes-venture/images/the-fanny-pack-02-31b26823b5.jpg,168677,downloaded,cached,
the-fanny-pack,https://joesventure.com/cdn/shop/files/IMG_7401W.jpg?v=1685877902,https://16.192.29.174.nip.io/assets/recovery/joes-venture/images/the-fanny-pack-03-3d0a97a578.jpg,backend/public/assets/recovery/joes-venture/images/the-fanny-pack-03-3d0a97a578.jpg,138506,downloaded,cached,
the-himalaya-duffle-bag,https://cdn.shopify.com/s/files/1/0622/5890/5258/products/JLG_Batch_C_50.jpg?v=1653828706&width=1024,https://16.192.29.174.nip.io/assets/recovery/joes-venture/images/the-himalaya-duffle-bag-01-04782fa889.jpg,backend/public/assets/recovery/joes-venture/images/the-himalaya-duffle-bag-01-04782fa889.jpg,80072,downloaded,cached,
the-jlg-a6-analog,https://cdn.shopify.com/s/files/1/0622/5890/5258/products/JLGLast12copyxx.jpg?v=1655913126&width=1024,https://16.192.29.174.nip.io/assets/recovery/joes-venture/images/the-jlg-a6-analog-01-69fa0d4030.jpg,backend/public/assets/recovery/joes-venture/images/the-jlg-a6-analog-01-69fa0d4030.jpg,101767,downloaded,cached,
the-jlg-bifold-rever,https://cdn.shopify.com/s/files/1/0622/5890/5258/products/JLG14.jpg?v=1653831620&width=1024,,,0,failed,,HTTP Error 404: Not Found | <urlopen error [Errno 111] Connection refused>
the-jlg-bifold-wallet,https://cdn.shopify.com/s/files/1/0622/5890/5258/products/JLG17.jpg?v=1655914330&width=1024,,,0,failed,,HTTP Error 404: Not Found | <urlopen error [Errno 111] Connection refused>
the-jlg-brass-leather-belt,https://cdn.shopify.com/s/files/1/0622/5890/5258/products/JLGBatch_B_88.jpg?v=1653836752&width=1024,https://16.192.29.174.nip.io/assets/recovery/joes-venture/images/the-jlg-brass-leather-belt-01-bfe138140a.jpg,backend/public/assets/recovery/joes-venture/images/the-jlg-brass-leather-belt-01-bfe138140a.jpg,91298,downloaded,cached,
the-jlg-cardholder,https://cdn.shopify.com/s/files/1/0622/5890/5258/products/JLGBatch_B_26.jpg?v=1653832061&width=1024,https://16.192.29.174.nip.io/assets/recovery/joes-venture/images/the-jlg-cardholder-01-670fa3e713.jpg,backend/public/assets/recovery/joes-venture/images/the-jlg-cardholder-01-670fa3e713.jpg,108043,downloaded,cached,
the-jlg-city-bag,https://cdn.shopify.com/s/files/1/0622/5890/5258/products/JLGBatch_C_94.jpg?v=1653828217&width=1024,https://16.192.29.174.nip.io/assets/recovery/joes-venture/images/the-jlg-city-bag-01-562d0fdfa5.jpg,backend/public/assets/recovery/joes-venture/images/the-jlg-city-bag-01-562d0fdfa5.jpg,67392,downloaded,cached,
the-jlg-moneyclip,https://cdn.shopify.com/s/files/1/0622/5890/5258/products/JLGBatch_B_33.jpg?v=1653832814&width=1024,,,0,failed,,HTTP Error 404: Not Found | <urlopen error [Errno 111] Connection refused>
the-jlg-trifold-wallet,https://cdn.shopify.com/s/files/1/0622/5890/5258/products/JLG1.jpg?v=1653833058&width=1024,,,0,failed,,HTTP Error 404: Not Found | <urlopen error [Errno 111] Connection refused>
the-jlg-v2-wallet,https://cdn.shopify.com/s/files/1/0622/5890/5258/products/JLGBatch_B_22.jpg?v=1653833296&width=1024,,,0,failed,,HTTP Error 404: Not Found | <urlopen error [Errno 111] Connection refused>
the-jlg-zipgo,https://cdn.shopify.com/s/files/1/0622/5890/5258/products/JLGBatch_B_41.jpg?v=1653833631&width=1024,,,0,failed,,HTTP Error 404: Not Found | <urlopen error [Errno 111] Connection refused>
the-paratrooper-bag,https://joesventure.com/cdn/shop/files/SNY06178.jpg?v=1709643548&width=1024,https://16.192.29.174.nip.io/assets/recovery/joes-venture/images/the-paratrooper-bag-01-197e80d1f5.jpg,backend/public/assets/recovery/joes-venture/images/the-paratrooper-bag-01-197e80d1f5.jpg,445983,downloaded,cached,
the-paratrooper-bag,https://joesventure.com/cdn/shop/files/SNY06230.jpg?v=1709643543,https://16.192.29.174.nip.io/assets/recovery/joes-venture/images/the-paratrooper-bag-02-9ab47d49d5.jpg,backend/public/assets/recovery/joes-venture/images/the-paratrooper-bag-02-9ab47d49d5.jpg,1262468,downloaded,cached,
the-paratrooper-bag,https://joesventure.com/cdn/shop/files/SNY06178.jpg?v=1709643548,https://16.192.29.174.nip.io/assets/recovery/joes-venture/images/the-paratrooper-bag-03-a0ba972dbc.jpg,backend/public/assets/recovery/joes-venture/images/the-paratrooper-bag-03-a0ba972dbc.jpg,1960073,downloaded,cached,
the-paros-convertible,https://cdn.shopify.com/s/files/1/0622/5890/5258/products/JLGBatch_C_18_a74c7a62-1f5f-4928-8bbc-d798f3dd4349.jpg?v=1654170838&width=1024,https://16.192.29.174.nip.io/assets/recovery/joes-venture/images/the-paros-convertible-01-0292f0b768.jpg,backend/public/assets/recovery/joes-venture/images/the-paros-convertible-01-0292f0b768.jpg,181785,downloaded,cached,
the-sandy,https://joesventure.com/cdn/shop/files/1720014965033.jpg?v=1720432453&width=1024,,,0,failed,,HTTP Error 404: Not Found | <urlopen error [Errno 111] Connection refused>
the-sandy,https://joesventure.com/cdn/shop/files/1720014965296.jpg?v=1720432453,,,0,failed,,HTTP Error 404: Not Found | <urlopen error [Errno 111] Connection refused>
the-sandy,https://joesventure.com/cdn/shop/files/1720014965655.jpg?v=1720432453,,,0,failed,,HTTP Error 404: Not Found | <urlopen error [Errno 111] Connection refused>
the-sandy,https://joesventure.com/cdn/shop/files/1720014965033.jpg?v=1720432453,,,0,failed,,HTTP Error 404: Not Found | <urlopen error [Errno 111] Connection refused>
the-sandy,https://joesventure.com/cdn/shop/files/1720014965600.jpg?v=1720432453,,,0,failed,,HTTP Error 404: Not Found | <urlopen error [Errno 111] Connection refused>
the-shoreline,https://joesventure.com/cdn/shop/files/1720014965636.jpg?v=1720432674&width=1024,https://16.192.29.174.nip.io/assets/recovery/joes-venture/images/the-shoreline-01-724e5ea38a.jpg,backend/public/assets/recovery/joes-venture/images/the-shoreline-01-724e5ea38a.jpg,173627,downloaded,cached,
the-shoreline,https://joesventure.com/cdn/shop/files/1720014965192.jpg?v=1720432674,https://16.192.29.174.nip.io/assets/recovery/joes-venture/images/the-shoreline-02-024e67112f.jpg,backend/public/assets/recovery/joes-venture/images/the-shoreline-02-024e67112f.jpg,953234,downloaded,cached,
the-shoreline,https://joesventure.com/cdn/shop/files/1720014965276.jpg?v=1720432675,https://16.192.29.174.nip.io/assets/recovery/joes-venture/images/the-shoreline-03-93e17bf710.jpg,backend/public/assets/recovery/joes-venture/images/the-shoreline-03-93e17bf710.jpg,1000666,downloaded,cached,
the-shoreline,https://joesventure.com/cdn/shop/files/1720014965636.jpg?v=1720432674,https://16.192.29.174.nip.io/assets/recovery/joes-venture/images/the-shoreline-04-0eea8d4d4b.jpg,backend/public/assets/recovery/joes-venture/images/the-shoreline-04-0eea8d4d4b.jpg,1196651,downloaded,cached,
the-vancouver-messenger-bag,https://cdn.shopify.com/s/files/1/0622/5890/5258/products/JLGBatch_C_32.jpg?v=1653829448&width=1024,https://16.192.29.174.nip.io/assets/recovery/joes-venture/images/the-vancouver-messenger-bag-01-194e502d6d.jpg,backend/public/assets/recovery/joes-venture/images/the-vancouver-messenger-bag-01-194e502d6d.jpg,90271,downloaded,cached,
tobacco-pouch,https://cdn.shopify.com/s/files/1/0622/5890/5258/products/JLGBatch_B_72.jpg?v=1653774545&width=1024,https://16.192.29.174.nip.io/assets/recovery/joes-venture/images/tobacco-pouch-01-2fe4ce600b.jpg,backend/public/assets/recovery/joes-venture/images/tobacco-pouch-01-2fe4ce600b.jpg,106467,downloaded,cached,
toxik-x-joes-graffity-painted-nappa-perfecto,https://joesventure.com/cdn/shop/files/Untitled-71_4918bcdc-8a1b-472e-abe4-53f460accfc9.png?v=1738686332&width=1920,,,0,failed,,HTTP Error 404: Not Found | <urlopen error [Errno 111] Connection refused>
toxik-x-joes-venture-star-jacket,https://joesventure.com/cdn/shop/files/Untitled-242.jpg?v=1720527488&width=1920,https://16.192.29.174.nip.io/assets/recovery/joes-venture/images/toxik-x-joes-venture-star-jacket-01-81be1d4f3b.jpg,backend/public/assets/recovery/joes-venture/images/toxik-x-joes-venture-star-jacket-01-81be1d4f3b.jpg,391847,downloaded,cached,
traveler-essentials-bundle,https://joesventure.com/cdn/shop/files/BundleD2.png?v=1734625279&width=1920,https://16.192.29.174.nip.io/assets/recovery/joes-venture/images/traveler-essentials-bundle-01-ed65238e8c.png,backend/public/assets/recovery/joes-venture/images/traveler-essentials-bundle-01-ed65238e8c.png,1243181,downloaded,cached,
traveler-essentials-bundle,https://joesventure.com/cdn/shop/files/BundleD3_43dd64e4-88aa-4fa3-8a52-ca219ded2a55.png?v=1734626807&width=1920,https://16.192.29.174.nip.io/assets/recovery/joes-venture/images/traveler-essentials-bundle-02-c6d92418be.png,backend/public/assets/recovery/joes-venture/images/traveler-essentials-bundle-02-c6d92418be.png,772783,downloaded,cached,
traveler-essentials-bundle,https://joesventure.com/cdn/shop/files/BundleD_4aa6f5ec-451b-4569-a82a-d422fd545cb3.png?v=1734626807&width=1920,,,0,failed,,HTTP Error 404: Not Found | <urlopen error [Errno 111] Connection refused>
travellers-folio,https://joesventure.com/cdn/shop/files/Untitled-48_0b12535e-8295-4803-894b-057a455157eb.png?v=1738708418&width=1920,https://16.192.29.174.nip.io/assets/recovery/joes-venture/images/travellers-folio-01-019ae8b2c9.png,backend/public/assets/recovery/joes-venture/images/travellers-folio-01-019ae8b2c9.png,709922,downloaded,cached,
travellers-folio,https://joesventure.com/cdn/shop/files/Untitled-46_042e7643-7eb9-45fd-9b80-fff7a436f398.png?v=1738766402&width=1920,https://16.192.29.174.nip.io/assets/recovery/joes-venture/images/travellers-folio-02-5e364fa7db.png,backend/public/assets/recovery/joes-venture/images/travellers-folio-02-5e364fa7db.png,488676,downloaded,cached,
travellers-folio,https://joesventure.com/cdn/shop/files/Untitled-44_3e5b74a9-9376-46b6-8821-358b82b261aa.png?v=1738766402&width=1920,https://16.192.29.174.nip.io/assets/recovery/joes-venture/images/travellers-folio-03-c4fd205cdc.png,backend/public/assets/recovery/joes-venture/images/travellers-folio-03-c4fd205cdc.png,571605,downloaded,cached,
two-tone-buck-brown-suede-brown-vernis-denim-cut-size-52,https://joesventure.com/cdn/shop/files/021.jpg?v=1720801105&width=1024,,,0,failed,,HTTP Error 404: Not Found | <urlopen error [Errno 111] Connection refused>
untitled-15may_14-10,https://joesventure.com/cdn/shop/files/SNY09106.jpg?v=1716721317&width=1024,https://16.192.29.174.nip.io/assets/recovery/joes-venture/images/untitled-15may-14-10-01-d5c506173f.jpg,backend/public/assets/recovery/joes-venture/images/untitled-15may-14-10-01-d5c506173f.jpg,154375,downloaded,cached,
untitled-15may_14-10,https://joesventure.com/cdn/shop/files/SNY09082.jpg?v=1716721317,https://16.192.29.174.nip.io/assets/recovery/joes-venture/images/untitled-15may-14-10-02-3815df3476.jpg,backend/public/assets/recovery/joes-venture/images/untitled-15may-14-10-02-3815df3476.jpg,688928,downloaded,cached,
untitled-15may_14-10,https://joesventure.com/cdn/shop/files/SNY09106.jpg?v=1716721317,https://16.192.29.174.nip.io/assets/recovery/joes-venture/images/untitled-15may-14-10-03-76bfc74a90.jpg,backend/public/assets/recovery/joes-venture/images/untitled-15may-14-10-03-76bfc74a90.jpg,763384,downloaded,cached,
vertical-cardholder,https://joesventure.com/cdn/shop/files/SNY06467.jpg?v=1723636595&width=1920,https://16.192.29.174.nip.io/assets/recovery/joes-venture/images/vertical-cardholder-01-cdebac2a54.jpg,backend/public/assets/recovery/joes-venture/images/vertical-cardholder-01-cdebac2a54.jpg,89193,downloaded,cached,
vertical-cardholder,https://joesventure.com/cdn/shop/files/SNY06467.jpg?v=1723636595,https://16.192.29.174.nip.io/assets/recovery/joes-venture/images/vertical-cardholder-02-cfd6cdb959.jpg,backend/public/assets/recovery/joes-venture/images/vertical-cardholder-02-cfd6cdb959.jpg,103619,downloaded,cached,
waxed-baby-buffalo-aviator-jacket,https://cdn.shopify.com/s/files/1/0622/5890/5258/products/IMG_4853x_24d9967a-4b3a-4d3f-93fc-ff8431dcae49.jpg?v=1666185389&width=1024,,,0,failed,,HTTP Error 404: Not Found | <urlopen error [Errno 111] Connection refused>
waxed-cow-wrangler,https://joesventure.com/cdn/shop/files/WAXEDCOWWRANGLERJACKET_9e2b5451-f3ff-4481-8710-d2222e2915b3.png?v=1738679087&width=1920,,,0,failed,,HTTP Error 404: Not Found | <urlopen error [Errno 111] Connection refused>
waxed-natural-cowhide-man-perfecto,https://cdn.shopify.com/s/files/1/0622/5890/5258/products/IMG_4401.jpg?v=1665560290&width=1024,,,0,failed,,HTTP Error 404: Not Found | HTTP Error 404: NOT FOUND
waxed-nubuck-buffalo-denim-cut,https://joesventure.com/cdn/shop/files/WAXEDNUBUCKBUFFALODENIMCUTJACKET_a29f1db9-f245-4f95-99be-a07beead90e6.png?v=1738686685&width=1920,,,0,failed,,HTTP Error 404: Not Found | HTTP Error 404: NOT FOUND
