Handle,Title,Image Src,Image Position,Image Alt Text,Source CSV Row Type
a5-notebook-insert,A5 Notebook Insert,https://joesventure.com/cdn/shop/files/Untitled-56_ee118796-7da6-45a0-86fc-ef8803e55105.png?v=1738705218&width=1920,1,A5 Notebook Insert,product_or_image_row
a5-notebook-insert,,https://joesventure.com/cdn/shop/files/Untitled-57_33324ca3-6e09-4a36-bcaf-37bf6f6b1aa8.png?v=1738705218&width=1920,2,A5 Notebook Insert,image_only_row
a5-notebook-insert,,https://joesventure.com/cdn/shop/files/Untitled-55_f944f535-b3f0-448a-807c-d799940bb7ff.png?v=1738705218&width=1920,3,A5 Notebook Insert,image_only_row
a5-notebook-insert,,https://joesventure.com/cdn/shop/files/Untitled-59_8e3e7455-cc44-4c4d-8a5d-f4fc05d865d1.png?v=1738705218&width=1920,4,A5 Notebook Insert,image_only_row
a5-pen-sleeve,A5 Pen Sleeve,https://joesventure.com/cdn/shop/files/AMR09607.jpg?v=1729521527&width=1920,1,A5 Pen Sleeve,product_or_image_row
a6-notebook-insert,A6 Notebook Insert,https://joesventure.com/cdn/shop/files/Untitled-59_8e3e7455-cc44-4c4d-8a5d-f4fc05d865d1.png?v=1751453402&width=1920,1,A6 Notebook Insert,product_or_image_row
a6-notebook-insert,,https://joesventure.com/cdn/shop/files/Untitled-59_8e3e7455-cc44-4c4d-8a5d-f4fc05d865d1.png?v=1751453402,2,A6 Notebook Insert,image_only_row
apple-watch-strap,Apple Watch Strap,https://cdn.shopify.com/s/files/1/0622/5890/5258/products/JLGLast2.jpg?v=1654638414&width=1024,1,Apple Watch Strap,product_or_image_row
barrel-bag,Barrel Bag,https://joesventure.com/cdn/shop/files/IMG_7257W.jpg?v=1685815209&width=1024,1,Barrel Bag,product_or_image_row
barrel-bag,,https://joesventure.com/cdn/shop/files/IMG_7257W.jpg?v=1685815209,2,Barrel Bag,image_only_row
barrel-bag,,https://joesventure.com/cdn/shop/files/IMG_7260W.jpg?v=1685815210,3,Barrel Bag,image_only_row
black-lamb-aappa-apero,Black Lamb Nappa Apéro Size 42,https://joesventure.com/cdn/shop/files/Untitled-213.jpg?v=1720445518&width=1024,1,Black Lamb Nappa Apéro Size 42,product_or_image_row
black-lamb-leather-coat,Black Lamb Leather Coat,https://joesventure.com/cdn/shop/files/Untitled-9copy_d4ebd47f-e591-45fb-8607-634957307223.png?v=1739812360&width=1920,1,Black Lamb Leather Coat,product_or_image_row
black-lamb-nappa-denim-cut,Black Lamb Nappa Denim Cut Size 54,https://joesventure.com/cdn/shop/files/Untitled-2.jpg?v=1720442802&width=1024,1,Black Lamb Nappa Denim Cut Size 54,product_or_image_row
black-lamb-nappa-lapel,Black Lamb Nappa Lapel Size 46,https://joesventure.com/cdn/shop/files/Untitled-24.jpg?v=1720443316&width=1024,1,Black Lamb Nappa Lapel Size 46,product_or_image_row
black-lamb-nappa-perfecto,Black Lamb Nappa Perfecto Size 40,https://joesventure.com/cdn/shop/files/Untitled-219.jpg?v=1720446655&width=1024,1,Black Lamb Nappa Perfecto Size 40,product_or_image_row
black-leather-perfecto-with-belt,Black Varnish Leather Perfecto With Belt,https://joesventure.com/cdn/shop/files/Untitled-6_27922d8b-9463-4fe2-925c-0b36be1a906d.png?v=1739812826&width=1920,1,Black Varnish Leather Perfecto With Belt,product_or_image_row
black-nubuck-biker-vest,Black Nubuck Biker Vest,https://joesventure.com/cdn/shop/files/BLACK_BUBUCK_BIKER_VEST.png?v=1738685495&width=1920,1,Black Nubuck Biker Vest,product_or_image_row
black-suede-bustier-top,Black Suede Bustier Top,https://joesventure.com/cdn/shop/files/Untitled-43_39f0b842-d431-469f-91d2-e5c18071a705.png?v=1738684442&width=1920,1,Black Suede Bustier Top,product_or_image_row
black-vernis-perfecto,Black Vernis Cow Skin Perfecto Size 42,https://joesventure.com/cdn/shop/files/Untitled-6.png?v=1732368115&width=1920,1,Black Vernis Cow Skin Perfecto Size 42,product_or_image_row
brown-cow-nubuck-perfecto,Brown Cow Nubuck Perfecto,https://joesventure.com/cdn/shop/files/BROWNCOWNUBOCKPERFECTO_1dd21cdc-1318-41da-8cee-8439390c72f8.png?v=1738687578&width=1920,1,Brown Cow Nubuck Perfecto,product_or_image_row
brown-suede-equestrian-vest,Brown Suede Equestrian vest,https://joesventure.com/cdn/shop/files/035_11812964-99b2-42c0-afbd-504fae6b6cfb.jpg?v=1721381781&width=1024,1,Brown Suede Equestrian vest,product_or_image_row
brown-suede-tuscany-size-52,Brown Suede Tuscany Size 52,https://joesventure.com/cdn/shop/files/013.jpg?v=1720798904&width=1024,1,Brown Suede Tuscany Size 52,product_or_image_row
buck-brown-lamb-nappa-aviator,Buck Brown Lamb Nappa Aviator Size 50,https://joesventure.com/cdn/shop/files/Untitled-121.png?v=1738062920&width=1920,1,Buck Brown Lamb Nappa Aviator Size 50,product_or_image_row
buck-brown-lamb-nappa-cafe-racer-size-54,Buck Brown Lamb Nappa Cafe Racer Size 54,https://joesventure.com/cdn/shop/files/019.jpg?v=1720800920&width=1920,1,Buck Brown Lamb Nappa Cafe Racer Size 54,product_or_image_row
buck-brown-lamb-nappa-pilot-size-48,Buck Brown Lamb Nappa Pilot Size 48,https://joesventure.com/cdn/shop/files/Untitled-126.png?v=1738065845&width=1920,1,Buck Brown Lamb Nappa Pilot Size 48,product_or_image_row
buck-brown-lamb-nappa-ranger-size-48,Buck Brown Lamb Nappa Ranger Size 48,https://joesventure.com/cdn/shop/files/026.jpg?v=1720801977&width=1920,1,Buck Brown Lamb Nappa Ranger Size 48,product_or_image_row
buck-brown-pull-up-buttoned-perfecto-size-52,Buck Brown Pull up Buttoned Perfecto Size 52,https://joesventure.com/cdn/shop/files/024.jpg?v=1720801547&width=1024,1,Buck Brown Pull up Buttoned Perfecto Size 52,product_or_image_row
buck-brown-waxed-baby-buffalo-vegtan-perfecto-size-56,Buck Brown Waxed Baby Buffalo VegTan Perfecto Size 56,https://joesventure.com/cdn/shop/files/032.jpg?v=1720803104&width=1920,1,Buck Brown Waxed Baby Buffalo VegTan Perfecto Size 56,product_or_image_row
buffed-varnish-cow-suit-jacket,Buffed Varnish Cow Suit Jacket,https://joesventure.com/cdn/shop/files/BUFFEDVARNISHCOWSUIYJACKET_0ae5bd73-34f3-450a-b677-50805c967de3.png?v=1738679310&width=1920,1,Buffed Varnish Cow Suit Jacket,product_or_image_row
bundle-a,Gift Bundle A,https://joesventure.com/cdn/shop/files/SNY07742.jpg?v=1714414175&width=1024,1,Gift Bundle A,product_or_image_row
bundle-b,Gift Bundle B,https://joesventure.com/cdn/shop/files/SNY07740.jpg?v=1714414607&width=1024,1,Gift Bundle B,product_or_image_row
bundle-c,Gift Bundle C,https://joesventure.com/cdn/shop/files/SNY07738.jpg?v=1714415266&width=1024,1,Gift Bundle C,product_or_image_row
burgundy-lamb-nappa-denim-cut-size-56,Burgundy Lamb Nappa Denim Cut Size 56,https://joesventure.com/cdn/shop/files/0_6f5c3061-a209-4a61-9a7d-7cb953ebd21c.jpg?v=1720789436&width=1024,1,Burgundy Lamb Nappa Denim Cut Size 56,product_or_image_row
burgundy-lamb-nappa-perfecto-size-46,Burgundy Lamb Nappa Perfecto Size 46,https://joesventure.com/cdn/shop/files/05.jpg?v=1720790003&width=1920,1,Burgundy Lamb Nappa Perfecto Size 46,product_or_image_row
burgundy-lamb-nappa-pilot-size-46,Burgundy Lamb Nappa Pilot Size 46,https://joesventure.com/cdn/shop/files/08.jpg?v=1720790754&width=1024,1,Burgundy Lamb Nappa Pilot Size 46,product_or_image_row
burgundy-nappa-aviator,Burgundy Nappa Aviator,https://joesventure.com/cdn/shop/files/BurgundyNapaAviator_c8d37a04-dee4-4606-828e-4ba60b180e02.png?v=1738675108&width=1920,1,Burgundy Nappa Aviator,product_or_image_row
burgundy-nappa-cafe-racer,Burgundy Nappa Café Racer,https://joesventure.com/cdn/shop/files/BURGUNDYNAPPACAFERACER_e63e1b86-a543-4125-9915-c7f076e8ee6b.png?v=1738687894&width=1920,1,Burgundy Nappa Café Racer,product_or_image_row
burgundy-nappa-cafe-racer,,https://joesventure.com/cdn/shop/files/BURGUNDYNAPPACAFERACER_e63e1b86-a543-4125-9915-c7f076e8ee6b.png?v=1738687894,2,Burgundy Nappa Café Racer,image_only_row
burgundy-nappa-suit-like-jacket,Burgundy Nappa Suit Like Jacket,https://joesventure.com/cdn/shop/files/BURGUNDYNAPPASUITLIKEJACKET_fd51b7b6-42fb-4ba9-9185-e5de2c9cdcfc.png?v=1738687224&width=1920,1,Burgundy Nappa Suit Like Jacket,product_or_image_row
burnt-brown-waxed-baby-buffalo-aviator,Burnt Brown Waxed Baby Buffalo Aviator Size 56,https://joesventure.com/cdn/shop/files/Untitled-210.jpg?v=1720444913&width=1024,1,Burnt Brown Waxed Baby Buffalo Aviator Size 56,product_or_image_row
business-essentials-bundle,Business Essentials Bundle,https://joesventure.com/cdn/shop/files/BusinessBundle.png?v=1734627045&width=1920,1,Business Essentials Bundle,product_or_image_row
business-essentials-bundle,,https://joesventure.com/cdn/shop/files/BusinessBundle2.png?v=1734627045&width=1920,2,Business Essentials Bundle,image_only_row
business-essentials-bundle,,https://joesventure.com/cdn/shop/files/BusinessBundle3.png?v=1734627045&width=1920,3,Business Essentials Bundle,image_only_row
business-essentials-bundle,,https://joesventure.com/cdn/shop/files/BusinessBundle.png?v=1734627045,4,Business Essentials Bundle,image_only_row
business-essentials-bundle,,https://joesventure.com/cdn/shop/files/BusinessBundle2.png?v=1734627045,5,Business Essentials Bundle,image_only_row
business-essentials-bundle,,https://joesventure.com/cdn/shop/files/BusinessBundle3.png?v=1734627045,6,Business Essentials Bundle,image_only_row
canvas-pencil-case,Canvas Pencil case,https://joesventure.com/cdn/shop/files/SNY09108.jpg?v=1716723075&width=1024,1,Canvas Pencil case,product_or_image_row
canvas-pencil-case,,https://joesventure.com/cdn/shop/files/SNY09100.jpg?v=1716723090,2,Canvas Pencil case,image_only_row
canvas-pencil-case,,https://joesventure.com/cdn/shop/files/SNY09108.jpg?v=1716723075,3,Canvas Pencil case,image_only_row
clipper-fold-wallet,The JLG Clipper Fold Wallet,https://cdn.shopify.com/s/files/1/0622/5890/5258/products/JLGBatch_B_12.jpg?v=1653832431&width=1024,1,The JLG Clipper Fold Wallet,product_or_image_row
clutch,CÁNE No.4 - La Nuit,https://joesventure.com/cdn/shop/files/CANE_1_LAID_DOWN.png?v=1750341181&width=1920,1,CÁNE No.4 - La Nuit,product_or_image_row
cow-nubuck-buttoned-jacket,Cow Nubuck Buttoned Jacket Size 52,https://joesventure.com/cdn/shop/files/CowNubockButtonedJacket.png?v=1738854645&width=1920,1,Cow Nubuck Buttoned Jacket Size 52,product_or_image_row
cow-suede-ranger-jacket,Cow Suede Ranger jacket,https://cdn.shopify.com/s/files/1/0622/5890/5258/products/IMG_4737-2.jpg?v=1666186023&width=1024,1,Cow Suede Ranger jacket,product_or_image_row
cracked-cow-classic-202,Cracked Cow Classic 202,https://joesventure.com/cdn/shop/files/CRACKEDCOWCLASSIC202_15e919ec-2152-46b5-88bf-ebbc15f774b1.png?v=1738687402&width=1920,1,Cracked Cow Classic 202,product_or_image_row
cropped-bustier-34-b,Cropped Bustier 34-B,https://joesventure.com/cdn/shop/files/CROPPEDBUSTIER34-B_d3594897-bd8f-4203-bdb5-4d346d3564c8.png?v=1738680990&width=1920,1,Cropped Bustier 34-B,product_or_image_row
cropped-bustier-sans-bretelle,Cropped Bustier Sans Bretelle,https://joesventure.com/cdn/shop/files/CROPPEDBUSTIERSANSBRETELLE_68f9679b-5a1c-4cfd-a54f-53326613a3a7.png?v=1738684276&width=1920,1,Cropped Bustier Sans Bretelle,product_or_image_row
cropped-cafe-racer-oil-tanned-baby-buffalo,Cropped Cafe Racer Oil-Tanned Baby Buffalo,https://joesventure.com/cdn/shop/files/CroppedCAFERACEROILTANNEDBABYBUFFALO_a0d72179-fa03-465f-9c93-d0aaa9040513.png?v=1738678687&width=1920,1,Cropped Cafe Racer Oil-Tanned Baby Buffalo,product_or_image_row
dark-blue-denim-cut-vest,Dark Blue Denim-Cut Vest,https://joesventure.com/cdn/shop/files/DARKVLUEDENIMCUTVESTVINTAGEBUTTONS_55d57da2-e589-4472-9e1d-595902f5445b.png?v=1738681309&width=1920,1,Dark Blue Denim-Cut Vest,product_or_image_row
dark-blue-suede-denim-cut,Dark Blue Suede Denim-Cut,https://joesventure.com/cdn/shop/files/DARKBLUESUEIDEDENIMCUTJACKET_5b4ba31c-94e1-4126-ac8b-73f883f7b86c.png?v=1738679608&width=1920,1,Dark Blue Suede Denim-Cut,product_or_image_row
diwan-coaster,Mug coaster,https://joesventure.com/cdn/shop/files/Untitled-91_70c4d8bd-2429-4e3b-b40b-27b0d8e897d0.png?v=1738708188&width=1920,1,Mug coaster,product_or_image_row
eclipse-pebbled-boot-cleaner,Eclipse Pebbled Leather Boot Cleaner,https://joesventure.com/cdn/shop/files/Untitled-89copy.png?v=1738713740&width=1920,1,Eclipse Pebbled Leather Boot Cleaner,product_or_image_row
eclipse-pebbled-boot-cleaner,,https://joesventure.com/cdn/shop/files/Untitled-89copy.png?v=1738713740,2,Eclipse Pebbled Leather Boot Cleaner,image_only_row
eclipse-pebbled-business-duffle-carryon,Eclipse Pebbled Leather Business Duffle Carry-On,https://joesventure.com/cdn/shop/files/Untitled-153.png?v=1738713947&width=1920,1,Eclipse Pebbled Leather Business Duffle Carry-On,product_or_image_row
eclipse-pebbled-business-duffle-carryon,,https://joesventure.com/cdn/shop/files/Untitled-153.png?v=1738713947,2,Eclipse Pebbled Leather Business Duffle Carry-On,image_only_row
eclipse-pebbled-college-backpack,Eclipse Pebbled College Backpack,https://joesventure.com/cdn/shop/files/Untitled-142copy.png?v=1738714593&width=1920,1,Eclipse Pebbled College Backpack,product_or_image_row
eclipse-pebbled-college-backpack,,https://joesventure.com/cdn/shop/files/Untitled-142copy.png?v=1738714593,2,Eclipse Pebbled College Backpack,image_only_row
eclipse-pebbled-fanny-pack,Eclipse Pebbled Leather Fanny Pack,https://joesventure.com/cdn/shop/files/Untitled-146copy.png?v=1738714736&width=1920,1,Eclipse Pebbled Leather Fanny Pack,product_or_image_row
eclipse-pebbled-fanny-pack,,https://joesventure.com/cdn/shop/files/Untitled-146copy.png?v=1738714736,2,Eclipse Pebbled Leather Fanny Pack,image_only_row
eclipse-pebbled-large-box-bag,Eclipse Pebbled Leather Large Box 30L Bag,https://joesventure.com/cdn/shop/files/Untitled-149copy.png?v=1738714452&width=1920,1,Eclipse Pebbled Leather Large Box 30L Bag,product_or_image_row
eclipse-pebbled-large-box-bag,,https://joesventure.com/cdn/shop/files/Untitled-149copy.png?v=1738714452,2,Eclipse Pebbled Leather Large Box 30L Bag,image_only_row
eclipse-pebbled-toiletry-bag,Eclipse Pebbled Toiletry Bag,https://joesventure.com/cdn/shop/files/Untitled-97copy.png?v=1738712216&width=1920,1,Eclipse Pebbled Toiletry Bag,product_or_image_row
eclipse-pebbled-toiletry-bag,,https://joesventure.com/cdn/shop/files/Untitled-97copy.png?v=1738712216,2,Eclipse Pebbled Toiletry Bag,image_only_row
eclipse-pebbled-zipped-laptop-sleeve,Eclipse Pebbled Leather Zipped Laptop Sleeve,https://joesventure.com/cdn/shop/files/Untitled-94copy.png?v=1738714192&width=1920,1,Eclipse Pebbled Leather Zipped Laptop Sleeve,product_or_image_row
eclipse-pebbled-zipped-laptop-sleeve,,https://joesventure.com/cdn/shop/files/Untitled-94copy.png?v=1738714192,2,Eclipse Pebbled Leather Zipped Laptop Sleeve,image_only_row
elastic-set,Traveler's Notebook Elastic Bands Set,https://joesventure.com/cdn/shop/files/SNY09573.jpg?v=1720785180&width=1920,1,Traveler's Notebook Elastic Bands Set,product_or_image_row
fly-swatter,Fly Swatter,https://joesventure.com/cdn/shop/files/SNY09134.jpg?v=1716723859&width=1024,1,Fly Swatter,product_or_image_row
fly-swatter,,https://joesventure.com/cdn/shop/files/SNY09144.jpg?v=1716723859,2,Fly Swatter,image_only_row
fly-swatter,,https://joesventure.com/cdn/shop/files/SNY09134.jpg?v=1716723859,3,Fly Swatter,image_only_row
fly-swatter,,https://joesventure.com/cdn/shop/files/SNY09139.jpg?v=1716723859,4,Fly Swatter,image_only_row
green-lamb-nappa-aviator,Green Lamb Nappa Aviator Size 54,https://joesventure.com/cdn/shop/files/Untitled-225.jpg?v=1720448982&width=1920,1,Green Lamb Nappa Aviator Size 54,product_or_image_row
green-nappa-perfecto,Green Lamb Nappa Perfecto Size 38,https://joesventure.com/cdn/shop/files/084.jpg?v=1720438371&width=1024,1,Green Lamb Nappa Perfecto Size 38,product_or_image_row
green-nappa-perfecto-1,Green Nappa Perfecto,https://joesventure.com/cdn/shop/files/GreenNappaPErfecto_2c4b6b6c-30f3-4385-bdfe-03d0da8c4f3f.png?v=1738672170&width=1920,1,Green Nappa Perfecto,product_or_image_row
hardcover-notebook,Hardcover notebook,https://joesventure.com/cdn/shop/files/rn-image_picker_lib_temp_f919793d-c0f7-4fbd-91fe-ec645608a83f.jpg?v=1715351298&width=1024,1,Hardcover notebook,product_or_image_row
hook-keychain,Hook Keychain,https://cdn.shopify.com/s/files/1/0622/5890/5258/products/JLGLast30.jpg?v=1654638490&width=1024,1,Hook Keychain,product_or_image_row
jlg-giza-tote-bag,The Giza Tote Bag,https://cdn.shopify.com/s/files/1/0622/5890/5258/products/JLGBatch_C_42.jpg?v=1654170554&width=1024,1,The Giza Tote Bag,product_or_image_row
joe-s-leather-balm™,JOE’S LEATHER BALM™,https://joesventure.com/cdn/shop/products/JLGBrush_Wax1.jpg?v=1655985978&width=1024,1,JOE’S LEATHER BALM™,product_or_image_row
joes-nappa-perfecto,Lamb Napa - Man Perfecto,https://cdn.shopify.com/s/files/1/0622/5890/5258/products/IMG_4064ftg.jpg?v=1665560303&width=1024,1,Lamb Napa - Man Perfecto,product_or_image_row
la-pochetter,La Pochette,https://joesventure.com/cdn/shop/products/JLGLast11.jpg?v=1654638203&width=1024,1,La Pochette,product_or_image_row
la-pochetter,,https://joesventure.com/cdn/shop/products/JLGLast11.jpg?v=1654638203,2,La Pochette,image_only_row
la-pochetter,,https://joesventure.com/cdn/shop/products/JLGLast9.jpg?v=1654638203,3,La Pochette,image_only_row
la-pochetter,,https://joesventure.com/cdn/shop/products/JLGLast10.jpg?v=1654638203,4,La Pochette,image_only_row
lamb-napa-aviator-jacket,Lamb Napa - Aviator Jacket,https://cdn.shopify.com/s/files/1/0622/5890/5258/products/IMG_4591.jpg?v=1665560202&width=1024,1,Lamb Napa - Aviator Jacket,product_or_image_row
lamb-napa-cafe-racer,Lamb Napa Man Cafe Racer,https://cdn.shopify.com/s/files/1/0622/5890/5258/products/JLGJackets_C_12.jpg?v=1654169359&width=1024,1,Lamb Napa Man Cafe Racer,product_or_image_row
lamb-napa-denim-cut-jacket,Lamb Napa - Denim Cut Jacket,https://cdn.shopify.com/s/files/1/0622/5890/5258/products/4Z5A0781.jpg?v=1665560281&width=1024,1,Lamb Napa - Denim Cut Jacket,product_or_image_row
lamb-napa-lapel,Lamb Napa Lapel,https://cdn.shopify.com/s/files/1/0622/5890/5258/products/IMG_4254.jpg?v=1665560225&width=1024,1,Lamb Napa Lapel,product_or_image_row
lamb-napa-woman-cafe-racer,Lamb Napa Woman Cafe Racer,https://cdn.shopify.com/s/files/1/0622/5890/5258/products/IMG_4064d.jpg?v=1665560034&width=1024,1,Lamb Napa Woman Cafe Racer,product_or_image_row
lamb-nappa-cropped-denim-cut-petroleum-grey,Petroleum Grey Lamb Nappa Cropped Denim Cut Size 42,https://joesventure.com/cdn/shop/files/Untitled-232.jpg?v=1720527075&width=1024,1,Petroleum Grey Lamb Nappa Cropped Denim Cut Size 42,product_or_image_row
lamb-nappa-green-cafe-racer,Lamb Nappa Green Cafe Racer Size 48,https://joesventure.com/cdn/shop/files/Untitled-105_25a5e7c9-29a8-43ed-bf37-7c65ecf49b4d.png?v=1738063453&width=1920,1,Lamb Nappa Green Cafe Racer Size 48,product_or_image_row
lamb-nappa-green-cafe-racer-1,Green Lamb Nappa Pilot Size 44,https://joesventure.com/cdn/shop/files/094.jpg?v=1720439928&width=1920,1,Green Lamb Nappa Pilot Size 44,product_or_image_row
lamb-nappa-pe,Lamb Nappa Petroleum Pilot Size 54,https://joesventure.com/cdn/shop/files/Untitled-78_2cb45f5b-a035-4467-a0d6-471cda4f62f4.png?v=1738065407&width=1920,1,Lamb Nappa Petroleum Pilot Size 54,product_or_image_row
lamb-nappa-woman-perfecto,Lamb Nappa Woman Perfecto,https://cdn.shopify.com/s/files/1/0622/5890/5258/products/IMG_4228.jpg?v=1665560250&width=1024,1,Lamb Nappa Woman Perfecto,product_or_image_row
laptop-bag,Laptop Bag,https://joesventure.com/cdn/shop/files/SNY09183.png?v=1718014559&width=1024,1,Laptop Bag,product_or_image_row
laptop-bag,,https://joesventure.com/cdn/shop/files/rn-image_picker_lib_temp_2f7b3bee-7744-4348-ac77-ee93c41f3bc7.jpg?v=1718014559,2,Laptop Bag,image_only_row
laptop-bag,,https://joesventure.com/cdn/shop/files/rn-image_picker_lib_temp_c6365f8c-b12c-472e-abdd-507f336f8194.jpg?v=1718014559,3,Laptop Bag,image_only_row
leather-apron,Leather Apron,https://joesventure.com/cdn/shop/files/SNY09130.jpg?v=1716726017&width=1024,1,Leather Apron,product_or_image_row
leather-desk-mat,Leather Desk Mat,https://joesventure.com/cdn/shop/files/SNY07489.jpg?v=1713989744&width=1024,1,Leather Desk Mat,product_or_image_row
leather-horse-hair-brush,LEATHER HORSE HAIR BRUSH,https://joesventure.com/cdn/shop/products/JLGBrush_Wax2.jpg?v=1655989660&width=1024,1,LEATHER HORSE HAIR BRUSH,product_or_image_row
leather-mouse-pad,Leather Mouse Pad,https://joesventure.com/cdn/shop/files/SNY07691.jpg?v=1714413910&width=1024,1,Leather Mouse Pad,product_or_image_row
leather-roll-up,Leather Roll Up,https://joesventure.com/cdn/shop/files/SNY05402.jpg?v=1722505004&width=1024,1,Leather Roll Up,product_or_image_row
leather-stool,Leather Walk Stool,https://joesventure.com/cdn/shop/files/rn-image_picker_lib_temp_38c5b003-eb41-4244-951f-97b9eb48cb7b.jpg?v=1714244269&width=1024,1,Leather Walk Stool,product_or_image_row
light-brown-nappa-denim-cut,Light Brown Nappa Denim Cut Size 48,https://joesventure.com/cdn/shop/files/LIGHTBROWNNAPPAdenimcut_fd16e807-d9ee-442f-b75c-abdfa6be800a.png?v=1738853022&width=1920,1,Light Brown Nappa Denim Cut Size 48,product_or_image_row
lite-pro,Lite Pro,https://joesventure.com/cdn/shop/files/IMG_7291W.jpg?v=1685804098&width=1024,1,Lite Pro,product_or_image_row
lite-pro,,https://joesventure.com/cdn/shop/files/IMG_7291W.jpg?v=1685804098,2,Lite Pro,image_only_row
lite-pro,,https://joesventure.com/cdn/shop/files/IMG_7294W.jpg?v=1686043084,3,Lite Pro,image_only_row
long-wallet,No.1 Vintage Leather Long Wallet,https://joesventure.com/cdn/shop/files/Untitled-12copy.png?v=1738698342&width=1920,1,No.1 Vintage Leather Long Wallet,product_or_image_row
long-wallet,,https://joesventure.com/cdn/shop/files/Untitled-9copy_f01dde68-2907-4ae9-8cb8-7dc88829728d.png?v=1738698342&width=1920,2,No.1 Vintage Leather Long Wallet,image_only_row
long-wallet,,https://joesventure.com/cdn/shop/files/Untitled-11copy.png?v=1738698342&width=1920,3,No.1 Vintage Leather Long Wallet,image_only_row
macbook-sleeve,Macbook Sleeve,https://cdn.shopify.com/s/files/1/0622/5890/5258/products/JLGBatch_B_93.jpg?v=1653838187&width=1024,1,Macbook Sleeve,product_or_image_row
messenger-bag,Waxed canvas Messenger bag,https://joesventure.com/cdn/shop/files/SNY09164.jpg?v=1717598284&width=1024,1,Waxed canvas Messenger bag,product_or_image_row
no-1,CÁNE No.1 - Le Carré,https://joesventure.com/cdn/shop/files/1024X1024_SHOTS4.png?v=1749553906&width=1920,1,CÁNE No.1 - Le Carré,product_or_image_row
no-2,CÁNE No.2 - La Promenade,https://joesventure.com/cdn/shop/files/1024X1024SHOTS3.png?v=1749553886&width=1920,1,CÁNE No.2 - La Promenade,product_or_image_row
no-3,CÁNE No.3 - Le Voyageur,https://joesventure.com/cdn/shop/files/1024X1024_SHOTS_2.png?v=1749553848&width=1920,1,CÁNE No.3 - Le Voyageur,product_or_image_row
nomad-fanny-pack,Nomad fanny pack,https://joesventure.com/cdn/shop/files/SNY07733.jpg?v=1717057785&width=1024,1,Nomad fanny pack,product_or_image_row
nomad-fanny-pack,,https://joesventure.com/cdn/shop/files/SNY07733.jpg?v=1717057785,2,Nomad fanny pack,image_only_row
nomad-fanny-pack,,https://joesventure.com/cdn/shop/files/rn-image_picker_lib_temp_2a5a8f1f-bd7c-4ba4-95b2-d2cf1a495e57.jpg?v=1717057785,3,Nomad fanny pack,image_only_row
nomad-tote-bag,Nomad Pebbled Leather Tote Bag with Shoulder Strap,https://joesventure.com/cdn/shop/files/Untitled-118_254b9d0e-ee8e-4256-b9a3-b5b4179d0dd8.png?v=1738698802&width=1920,1,Nomad Pebbled Leather Tote Bag with Shoulder Strap,product_or_image_row
nomad-tote-bag,,https://joesventure.com/cdn/shop/files/Untitled-117copy.png?v=1738698802&width=1920,2,Nomad Pebbled Leather Tote Bag with Shoulder Strap,image_only_row
nomad-tote-bag,,https://joesventure.com/cdn/shop/files/Untitled-118_254b9d0e-ee8e-4256-b9a3-b5b4179d0dd8.png?v=1738698802,3,Nomad Pebbled Leather Tote Bag with Shoulder Strap,image_only_row
nomad-tote-bag,,https://joesventure.com/cdn/shop/files/Untitled-117copy.png?v=1738698802,4,Nomad Pebbled Leather Tote Bag with Shoulder Strap,image_only_row
oiled-forest-green-cow-classic,Oiled Forest Green Cow Classic Size 52,https://joesventure.com/cdn/shop/files/OILED_FORREST_GREEN_COW_CLASSIC_PERFECTO.png?v=1738852837&width=1920,1,Oiled Forest Green Cow Classic Size 52,product_or_image_row
passport-cover,Passport Cover,https://cdn.shopify.com/s/files/1/0622/5890/5258/products/JLGLast14.jpg?v=1654638871&width=1024,1,Passport Cover,product_or_image_row
pebbled-mssenger-bag,Pebbled Messenger Bag,https://joesventure.com/cdn/shop/files/IMG_8494.jpg?v=1709378731&width=1024,1,Pebbled Messenger Bag,product_or_image_row
pencil-case,Pencil case,https://joesventure.com/cdn/shop/files/SNY05879.jpg?v=1713986071&width=1024,1,Pencil case,product_or_image_row
pro-tote,Pro Tote,https://joesventure.com/cdn/shop/files/IMG_7248.jpg?v=1685813792&width=1024,1,Pro Tote,product_or_image_row
puffed-nappa,Puffed Nappa,https://joesventure.com/cdn/shop/files/PuffedNappa_27ff64bb-1f69-4034-aee0-a307c135166f.png?v=1738765226&width=1920,1,Puffed Nappa,product_or_image_row
puffed-nappa-leather-vest,Puffed Nappa Leather Vest,https://joesventure.com/cdn/shop/files/PUFFEDNAPpALEATHERVEST.png?v=1738680695&width=1920,1,Puffed Nappa Leather Vest,product_or_image_row
purple-pull-up-no-52-jacket-size-52,Purple Pull up no.52 Jacket  Size 52,https://joesventure.com/cdn/shop/files/011.jpg?v=1720794910&width=1024,1,Purple Pull up no.52 Jacket  Size 52,product_or_image_row
pyrenees-backpack,"Pyrenees Backpack 16""",https://cdn.shopify.com/s/files/1/0622/5890/5258/products/JLGBatch_C_36.jpg?v=1653773123&width=1024,1,"Pyrenees Backpack 16""",product_or_image_row
red-leather-crop-jacket,Red Leather Crop Jacket,https://joesventure.com/cdn/shop/files/REDNAPPASUITJACKET_59c21976-ef51-4b9c-84ad-09365cffcd7f.png?v=1738686082&width=1920,1,Red Leather Crop Jacket,product_or_image_row
shades-cover,Shades cover,https://joesventure.com/cdn/shop/files/SNY09115.jpg?v=1716720827&width=1024,1,Shades cover,product_or_image_row
shades-cover,,https://joesventure.com/cdn/shop/files/SNY09115.jpg?v=1716720827,2,Shades cover,image_only_row
shades-cover,,https://joesventure.com/cdn/shop/files/SNY09120.jpg?v=1716720827,3,Shades cover,image_only_row
shades-cover,,https://joesventure.com/cdn/shop/files/SNY09119.jpg?v=1716720827,4,Shades cover,image_only_row
stone-washed-brown-lamb-nappa-lapel,Stone Washed Brown Lamb Nappa Lapel size 48,https://joesventure.com/cdn/shop/files/Untitled-216.jpg?v=1720446438&width=1024,1,Stone Washed Brown Lamb Nappa Lapel size 48,product_or_image_row
stone-washed-brown-lamb-nappa-perfecto,Stone Washed Brown Lamb Nappa Perfecto Size 54,https://joesventure.com/cdn/shop/files/Untitled-27.jpg?v=1720444657&width=1024,1,Stone Washed Brown Lamb Nappa Perfecto Size 54,product_or_image_row
the-a5-analog,The A5 Analog,https://cdn.shopify.com/s/files/1/0622/5890/5258/products/JLGLast22.jpg?v=1655913006&width=1024,1,The A5 Analog,product_or_image_row
the-business-duffle,The Business Duffle,https://joesventure.com/cdn/shop/files/IMG_7220W.jpg?v=1685806007&width=1024,1,The Business Duffle,product_or_image_row
the-business-duffle,,https://joesventure.com/cdn/shop/files/IMG_7220W.jpg?v=1685806007,2,The Business Duffle,image_only_row
the-business-duffle,,https://joesventure.com/cdn/shop/files/IMG_7222W.jpg?v=1686044218,3,The Business Duffle,image_only_row
the-business-lite,The Business Lite,https://joesventure.com/cdn/shop/files/IMG_7320W.jpg?v=1685808820&width=1024,1,The Business Lite,product_or_image_row
the-business-lite,,https://joesventure.com/cdn/shop/files/IMG_7320W.jpg?v=1685808820,2,The Business Lite,image_only_row
the-business-lite,,https://joesventure.com/cdn/shop/files/IMG_7313W.jpg?v=1685808819,3,The Business Lite,image_only_row
the-coquin,The Coquina,https://joesventure.com/cdn/shop/files/1720014965199.jpg?v=1720431867&width=1024,1,The Coquina,product_or_image_row
the-coquin,,https://joesventure.com/cdn/shop/files/1720014965199.jpg?v=1720431867,2,The Coquina,image_only_row
the-coquin,,https://joesventure.com/cdn/shop/files/1720014965345.jpg?v=1720431867,3,The Coquina,image_only_row
the-coquin,,https://joesventure.com/cdn/shop/files/1720014965302.jpg?v=1720431867,4,The Coquina,image_only_row
the-coquin,,https://joesventure.com/cdn/shop/files/1720014965556.jpg?v=1720431867,5,The Coquina,image_only_row
the-coral,The Coral,https://joesventure.com/cdn/shop/files/1720014965026.jpg?v=1720431434&width=1920,1,The Coral,product_or_image_row
the-coral,,https://joesventure.com/cdn/shop/files/1720014965251.jpg?v=1720431434&width=1920,2,The Coral,image_only_row
the-coral,,https://joesventure.com/cdn/shop/files/1720014965321.jpg?v=1720431434&width=1920,3,The Coral,image_only_row
the-coral,,https://joesventure.com/cdn/shop/files/1720014965626.jpg?v=1720431434&width=1920,4,The Coral,image_only_row
the-coral,,https://joesventure.com/cdn/shop/files/1720014965026.jpg?v=1720431434,5,The Coral,image_only_row
the-coral,,https://joesventure.com/cdn/shop/files/1720014965251.jpg?v=1720431434,6,The Coral,image_only_row
the-coral,,https://joesventure.com/cdn/shop/files/1720014965321.jpg?v=1720431434,7,The Coral,image_only_row
the-coral,,https://joesventure.com/cdn/shop/files/1720014965626.jpg?v=1720431434,8,The Coral,image_only_row
the-duffle-lite,The duffle lite,https://joesventure.com/cdn/shop/files/IMG_7391W.jpg?v=1685878141&width=1024,1,The duffle lite,product_or_image_row
the-duffle-lite,,https://joesventure.com/cdn/shop/files/IMG_7391W.jpg?v=1685878141,2,The duffle lite,image_only_row
the-duffle-lite,,https://joesventure.com/cdn/shop/files/IMG_7389W.jpg?v=1685878142,3,The duffle lite,image_only_row
the-explorer-bag,The Explorer Bag,https://cdn.shopify.com/s/files/1/0622/5890/5258/products/JLGBatch_C_27.jpg?v=1653830130&width=1024,1,The Explorer Bag,product_or_image_row
the-fanny-pack,The Fanny Pack,https://joesventure.com/cdn/shop/files/IMG_7400.jpg?v=1685877886&width=1024,1,The Fanny Pack,product_or_image_row
the-fanny-pack,,https://joesventure.com/cdn/shop/files/IMG_7400.jpg?v=1685877886,2,The Fanny Pack,image_only_row
the-fanny-pack,,https://joesventure.com/cdn/shop/files/IMG_7401W.jpg?v=1685877902,3,The Fanny Pack,image_only_row
the-himalaya-duffle-bag,The Himalaya Duffle Bag,https://cdn.shopify.com/s/files/1/0622/5890/5258/products/JLG_Batch_C_50.jpg?v=1653828706&width=1024,1,The Himalaya Duffle Bag,product_or_image_row
the-jlg-a6-analog,The JLG A6 Analog,https://cdn.shopify.com/s/files/1/0622/5890/5258/products/JLGLast12copyxx.jpg?v=1655913126&width=1024,1,The JLG A6 Analog,product_or_image_row
the-jlg-bifold-rever,The JLG Bifold Rever,https://cdn.shopify.com/s/files/1/0622/5890/5258/products/JLG14.jpg?v=1653831620&width=1024,1,The JLG Bifold Rever,product_or_image_row
the-jlg-bifold-wallet,The JLG Bifold Wallet,https://cdn.shopify.com/s/files/1/0622/5890/5258/products/JLG17.jpg?v=1655914330&width=1024,1,The JLG Bifold Wallet,product_or_image_row
the-jlg-brass-leather-belt,The JLG  Brass Leather Belt,https://cdn.shopify.com/s/files/1/0622/5890/5258/products/JLGBatch_B_88.jpg?v=1653836752&width=1024,1,The JLG  Brass Leather Belt,product_or_image_row
the-jlg-cardholder,The JLG Cardholder,https://cdn.shopify.com/s/files/1/0622/5890/5258/products/JLGBatch_B_26.jpg?v=1653832061&width=1024,1,The JLG Cardholder,product_or_image_row
the-jlg-city-bag,City Bag,https://cdn.shopify.com/s/files/1/0622/5890/5258/products/JLGBatch_C_94.jpg?v=1653828217&width=1024,1,City Bag,product_or_image_row
the-jlg-moneyclip,The JLG MoneyClip,https://cdn.shopify.com/s/files/1/0622/5890/5258/products/JLGBatch_B_33.jpg?v=1653832814&width=1024,1,The JLG MoneyClip,product_or_image_row
the-jlg-trifold-wallet,The JLG Trifold Wallet,https://cdn.shopify.com/s/files/1/0622/5890/5258/products/JLG1.jpg?v=1653833058&width=1024,1,The JLG Trifold Wallet,product_or_image_row
the-jlg-v2-wallet,The JLG V2 Wallet,https://cdn.shopify.com/s/files/1/0622/5890/5258/products/JLGBatch_B_22.jpg?v=1653833296&width=1024,1,The JLG V2 Wallet,product_or_image_row
the-jlg-zipgo,The JLG Zipgo,https://cdn.shopify.com/s/files/1/0622/5890/5258/products/JLGBatch_B_41.jpg?v=1653833631&width=1024,1,The JLG Zipgo,product_or_image_row
the-paratrooper-bag,The Paratrooper bag,https://joesventure.com/cdn/shop/files/SNY06178.jpg?v=1709643548&width=1024,1,The Paratrooper bag,product_or_image_row
the-paratrooper-bag,,https://joesventure.com/cdn/shop/files/SNY06230.jpg?v=1709643543,2,The Paratrooper bag,image_only_row
the-paratrooper-bag,,https://joesventure.com/cdn/shop/files/SNY06178.jpg?v=1709643548,3,The Paratrooper bag,image_only_row
the-paros-convertible,The Paros convertible,https://cdn.shopify.com/s/files/1/0622/5890/5258/products/JLGBatch_C_18_a74c7a62-1f5f-4928-8bbc-d798f3dd4349.jpg?v=1654170838&width=1024,1,The Paros convertible,product_or_image_row
the-sandy,The Sandy,https://joesventure.com/cdn/shop/files/1720014965033.jpg?v=1720432453&width=1024,1,The Sandy,product_or_image_row
the-sandy,,https://joesventure.com/cdn/shop/files/1720014965296.jpg?v=1720432453,2,The Sandy,image_only_row
the-sandy,,https://joesventure.com/cdn/shop/files/1720014965655.jpg?v=1720432453,3,The Sandy,image_only_row
the-sandy,,https://joesventure.com/cdn/shop/files/1720014965033.jpg?v=1720432453,4,The Sandy,image_only_row
the-sandy,,https://joesventure.com/cdn/shop/files/1720014965600.jpg?v=1720432453,5,The Sandy,image_only_row
the-shoreline,The Shoreline,https://joesventure.com/cdn/shop/files/1720014965636.jpg?v=1720432674&width=1024,1,The Shoreline,product_or_image_row
the-shoreline,,https://joesventure.com/cdn/shop/files/1720014965192.jpg?v=1720432674,2,The Shoreline,image_only_row
the-shoreline,,https://joesventure.com/cdn/shop/files/1720014965276.jpg?v=1720432675,3,The Shoreline,image_only_row
the-shoreline,,https://joesventure.com/cdn/shop/files/1720014965636.jpg?v=1720432674,4,The Shoreline,image_only_row
the-vancouver-messenger-bag,The Vancouver Messenger Bag,https://cdn.shopify.com/s/files/1/0622/5890/5258/products/JLGBatch_C_32.jpg?v=1653829448&width=1024,1,The Vancouver Messenger Bag,product_or_image_row
tobacco-pouch,Tobacco Pouch,https://cdn.shopify.com/s/files/1/0622/5890/5258/products/JLGBatch_B_72.jpg?v=1653774545&width=1024,1,Tobacco Pouch,product_or_image_row
toxik-x-joes-graffity-painted-nappa-perfecto,TOXIK X JOES Graffiti Painted Nappa Perfecto,https://joesventure.com/cdn/shop/files/Untitled-71_4918bcdc-8a1b-472e-abe4-53f460accfc9.png?v=1738686332&width=1920,1,TOXIK X JOES Graffiti Painted Nappa Perfecto,product_or_image_row
toxik-x-joes-venture-star-jacket,"Toxik x Joe's Venture ""STAR"" jacket Size 42",https://joesventure.com/cdn/shop/files/Untitled-242.jpg?v=1720527488&width=1920,1,"Toxik x Joe's Venture ""STAR"" jacket Size 42",product_or_image_row
traveler-essentials-bundle,Traveler Essentials Bundle,https://joesventure.com/cdn/shop/files/BundleD2.png?v=1734625279&width=1920,1,Traveler Essentials Bundle,product_or_image_row
traveler-essentials-bundle,,https://joesventure.com/cdn/shop/files/BundleD3_43dd64e4-88aa-4fa3-8a52-ca219ded2a55.png?v=1734626807&width=1920,2,Traveler Essentials Bundle,image_only_row
traveler-essentials-bundle,,https://joesventure.com/cdn/shop/files/BundleD_4aa6f5ec-451b-4569-a82a-d422fd545cb3.png?v=1734626807&width=1920,3,Traveler Essentials Bundle,image_only_row
travellers-folio,Handcrafted Leather Travelers Notebook Pro Journal,https://joesventure.com/cdn/shop/files/Untitled-48_0b12535e-8295-4803-894b-057a455157eb.png?v=1738708418&width=1920,1,Handcrafted Leather Travelers Notebook Pro Journal,product_or_image_row
travellers-folio,,https://joesventure.com/cdn/shop/files/Untitled-46_042e7643-7eb9-45fd-9b80-fff7a436f398.png?v=1738766402&width=1920,2,Handcrafted Leather Travelers Notebook Pro Journal,image_only_row
travellers-folio,,https://joesventure.com/cdn/shop/files/Untitled-44_3e5b74a9-9376-46b6-8821-358b82b261aa.png?v=1738766402&width=1920,3,Handcrafted Leather Travelers Notebook Pro Journal,image_only_row
two-tone-buck-brown-suede-brown-vernis-denim-cut-size-52,Two Tone Buck Brown Suede/ Brown vernis Denim Cut Size 52,https://joesventure.com/cdn/shop/files/021.jpg?v=1720801105&width=1024,1,Two Tone Buck Brown Suede/ Brown vernis Denim Cut Size 52,product_or_image_row
untitled-15may_14-10,Canvas pouch,https://joesventure.com/cdn/shop/files/SNY09106.jpg?v=1716721317&width=1024,1,Canvas pouch,product_or_image_row
untitled-15may_14-10,,https://joesventure.com/cdn/shop/files/SNY09082.jpg?v=1716721317,2,Canvas pouch,image_only_row
untitled-15may_14-10,,https://joesventure.com/cdn/shop/files/SNY09106.jpg?v=1716721317,3,Canvas pouch,image_only_row
vertical-cardholder,No.3 Leather Vintage Cardholder,https://joesventure.com/cdn/shop/files/SNY06467.jpg?v=1723636595&width=1920,1,No.3 Leather Vintage Cardholder,product_or_image_row
vertical-cardholder,,https://joesventure.com/cdn/shop/files/SNY06467.jpg?v=1723636595,2,No.3 Leather Vintage Cardholder,image_only_row
waxed-baby-buffalo-aviator-jacket,Waxed Baby Buffalo Aviator Jacket,https://cdn.shopify.com/s/files/1/0622/5890/5258/products/IMG_4853x_24d9967a-4b3a-4d3f-93fc-ff8431dcae49.jpg?v=1666185389&width=1024,1,Waxed Baby Buffalo Aviator Jacket,product_or_image_row
waxed-cow-wrangler,Waxed Cow Wrangler,https://joesventure.com/cdn/shop/files/WAXEDCOWWRANGLERJACKET_9e2b5451-f3ff-4481-8710-d2222e2915b3.png?v=1738679087&width=1920,1,Waxed Cow Wrangler,product_or_image_row
waxed-natural-cowhide-man-perfecto,Waxed Natural baby buffalo Leather  - Man Perfecto,https://cdn.shopify.com/s/files/1/0622/5890/5258/products/IMG_4401.jpg?v=1665560290&width=1024,1,Waxed Natural baby buffalo Leather  - Man Perfecto,product_or_image_row
waxed-nubuck-buffalo-denim-cut,Waxed Nubuck Buffalo Denim Cut,https://joesventure.com/cdn/shop/files/WAXEDNUBUCKBUFFALODENIMCUTJACKET_a29f1db9-f245-4f95-99be-a07beead90e6.png?v=1738686685&width=1920,1,Waxed Nubuck Buffalo Denim Cut,product_or_image_row
