Collection Handle,Collection Title,Product Handle,Product Title,Archived URL,Timestamp
accessories,Accessories,tobacco-pouch,Tobacco Pouch,https://joesventure.com/collections/accessories,20230322194712
accessories,Accessories,apple-watch-strap,Apple Watch Strap,https://joesventure.com/collections/accessories,20230322194712
accessories,Accessories,hook-keychain,Hook Keychain,https://joesventure.com/collections/accessories,20230322194712
accessories,Accessories,the-jlg-brass-leather-belt,The JLG  Brass Leather Belt,https://joesventure.com/collections/accessories,20230322194712
accessories,Accessories,passport-cover,Passport Cover,https://joesventure.com/collections/accessories,20230322194712
accessories,Accessories,the-a5-analog,The A5 Analog,https://joesventure.com/collections/accessories,20230322194712
accessories,Accessories,macbook-sleeve,Macbook Sleeve,https://joesventure.com/collections/accessories,20230322194712
accessories,Accessories,the-jlg-a6-analog,The JLG A6 Analog,https://joesventure.com/collections/accessories,20230322194712
accessories,Accessories,lamb-nappa-woman-perfecto,Lamb Nappa Woman Perfecto,https://joesventure.com/collections/accessories,20230322194712
accessories,Accessories,JLGBatch_B_72.jpg,,https://joesventure.com/collections/accessories,20230322194712
accessories,Accessories,JLGLast2.jpg,,https://joesventure.com/collections/accessories,20230322194712
accessories,Accessories,JLGLast30.jpg,,https://joesventure.com/collections/accessories,20230322194712
accessories,Accessories,JLGBatch_B_88.jpg,,https://joesventure.com/collections/accessories,20230322194712
accessories,Accessories,JLGLast14.jpg,,https://joesventure.com/collections/accessories,20230322194712
accessories,Accessories,JLGLast22.jpg,,https://joesventure.com/collections/accessories,20230322194712
accessories,Accessories,JLGBatch_B_93.jpg,,https://joesventure.com/collections/accessories,20230322194712
accessories,Accessories,JLGLast12copyxx.jpg,,https://joesventure.com/collections/accessories,20230322194712
all,ALL,tobacco-pouch,Tobacco Pouch,https://joesventure.com/collections/all,20230322200539
all,ALL,the-vancouver-messenger-bag,The Vancouver Messenger Bag,https://joesventure.com/collections/all,20230322200539
all,ALL,joe-s-leather-balm™,JOE’S LEATHER BALM™,https://joesventure.com/collections/all,20230322200539
all,ALL,the-paros-convertible,The Paros convertible,https://joesventure.com/collections/all,20230322200539
all,ALL,jlg-giza-tote-bag,The Giza Tote Bag,https://joesventure.com/collections/all,20230322200539
all,ALL,the-jlg-bifold-wallet,The JLG Bifold Wallet,https://joesventure.com/collections/all,20230322200539
all,ALL,the-explorer-bag,The Explorer Bag,https://joesventure.com/collections/all,20230322200539
all,ALL,pyrenees-backpack,"Pyrenees Backpack 16""",https://joesventure.com/collections/all,20230322200539
all,ALL,leather-horse-hair-brush,LEATHER HORSE HAIR BRUSH,https://joesventure.com/collections/all,20230322200539
all,ALL,the-jlg-v2-wallet,The JLG V2 Wallet,https://joesventure.com/collections/all,20230322200539
all,ALL,the-jlg-cardholder,The JLG Cardholder,https://joesventure.com/collections/all,20230322200539
all,ALL,the-jlg-brass-leather-belt,The JLG  Brass Leather Belt,https://joesventure.com/collections/all,20230322200539
all,ALL,lamb-nappa-woman-perfecto,Lamb Nappa Woman Perfecto,https://joesventure.com/collections/all,20230322200539
all,ALL,JLGBatch_B_72.jpg,,https://joesventure.com/collections/all,20230322200539
all,ALL,JLGBatch_C_32.jpg,,https://joesventure.com/collections/all,20230322200539
all,ALL,JLGBrush_Wax1.jpg,,https://joesventure.com/collections/all,20230322200539
all,ALL,JLGBatch_C_18_a74c7a62-1f5f-4928-8bbc-d798f3dd4349.jpg,,https://joesventure.com/collections/all,20230322200539
all,ALL,JLGBatch_C_42.jpg,,https://joesventure.com/collections/all,20230322200539
all,ALL,JLG17.jpg,,https://joesventure.com/collections/all,20230322200539
all,ALL,JLGBatch_C_27.jpg,,https://joesventure.com/collections/all,20230322200539
all,ALL,JLGBatch_C_36.jpg,,https://joesventure.com/collections/all,20230322200539
all,ALL,JLGBrush_Wax2.jpg,,https://joesventure.com/collections/all,20230322200539
all,ALL,JLGBatch_B_22.jpg,,https://joesventure.com/collections/all,20230322200539
all,ALL,JLGBatch_B_26.jpg,,https://joesventure.com/collections/all,20230322200539
all,ALL,JLGBatch_B_88.jpg,,https://joesventure.com/collections/all,20230322200539
all-bundles,All Bundles,bundle-c,Gift Bundle C,https://joesventure.com/collections/all-bundles,20250321095314
all-bundles,All Bundles,traveler-essentials-bundle,Traveler Essentials Bundle,https://joesventure.com/collections/all-bundles,20250321095314
all-bundles,All Bundles,business-essentials-bundle,Business Essentials Bundle,https://joesventure.com/collections/all-bundles,20250321095314
bags,Bags,the-vancouver-messenger-bag,The Vancouver Messenger Bag,https://joesventure.com/collections/bags,20230322183645
bags,Bags,the-paros-convertible,The Paros convertible,https://joesventure.com/collections/bags,20230322183645
bags,Bags,jlg-giza-tote-bag,The Giza Tote Bag,https://joesventure.com/collections/bags,20230322183645
bags,Bags,the-explorer-bag,The Explorer Bag,https://joesventure.com/collections/bags,20230322183645
bags,Bags,pyrenees-backpack,"Pyrenees Backpack 16""",https://joesventure.com/collections/bags,20230322183645
bags,Bags,the-himalaya-duffle-bag,The Himalaya Duffle Bag,https://joesventure.com/collections/bags,20230322183645
bags,Bags,the-jlg-city-bag,City Bag,https://joesventure.com/collections/bags,20230322183645
bags,Bags,lamb-nappa-woman-perfecto,Lamb Nappa Woman Perfecto,https://joesventure.com/collections/bags,20230322183645
bags,Bags,JLGBatch_C_32.jpg,,https://joesventure.com/collections/bags,20230322183645
bags,Bags,JLGBatch_C_18_a74c7a62-1f5f-4928-8bbc-d798f3dd4349.jpg,,https://joesventure.com/collections/bags,20230322183645
bags,Bags,JLGBatch_C_42.jpg,,https://joesventure.com/collections/bags,20230322183645
bags,Bags,JLGBatch_C_27.jpg,,https://joesventure.com/collections/bags,20230322183645
bags,Bags,JLGBatch_C_36.jpg,,https://joesventure.com/collections/bags,20230322183645
bags,Bags,JLG_Batch_C_50.jpg,,https://joesventure.com/collections/bags,20230322183645
bags,Bags,JLGBatch_C_94.jpg,,https://joesventure.com/collections/bags,20230322183645
best-sellers,BEST SELLERS,tobacco-pouch,Tobacco Pouch,https://joesventure.com/collections/best-sellers,20240619004239
best-sellers,BEST SELLERS,pyrenees-backpack,"Pyrenees Backpack 16""",https://joesventure.com/collections/best-sellers,20240619004239
best-sellers,BEST SELLERS,the-fanny-pack,The Fanny Pack,https://joesventure.com/collections/best-sellers,20240619004239
best-sellers,BEST SELLERS,the-a5-analog,The A5 Analog,https://joesventure.com/collections/best-sellers,20240619004239
best-sellers,BEST SELLERS,the-paros-convertible,The Paros convertible,https://joesventure.com/collections/best-sellers,20240619004239
best-sellers,BEST SELLERS,laptop-bag,Laptop Bag,https://joesventure.com/collections/best-sellers,20240619004239
best-sellers,BEST SELLERS,pebbled-mssenger-bag,Pebbled Messenger Bag,https://joesventure.com/collections/best-sellers,20240619004239
best-sellers,BEST SELLERS,nomad-tote-bag,Nomad Pebbled Leather Tote Bag with Shoulder Strap,https://joesventure.com/collections/best-sellers,20240619004239
best-sellers,BEST SELLERS,messenger-bag,Waxed canvas Messenger bag,https://joesventure.com/collections/best-sellers,20240619004239
best-sellers,BEST SELLERS,lamb-nappa-woman-perfecto,Lamb Nappa Woman Perfecto,https://joesventure.com/collections/best-sellers,20240619004239
best-sellers,BEST SELLERS,JLGBatch_B_72.jpg,,https://joesventure.com/collections/best-sellers,20240619004239
best-sellers,BEST SELLERS,JLGBatch_C_36.jpg,,https://joesventure.com/collections/best-sellers,20240619004239
best-sellers,BEST SELLERS,JLGLast22.jpg,,https://joesventure.com/collections/best-sellers,20240619004239
best-sellers,BEST SELLERS,JLGBatch_C_18_a74c7a62-1f5f-4928-8bbc-d798f3dd4349.jpg,,https://joesventure.com/collections/best-sellers,20240619004239
best-sellers,BEST SELLERS,JLGBatch_C_37.jpg,,https://joesventure.com/collections/best-sellers,20240619004239
best-sellers,BEST SELLERS,JLGLast21.jpg,,https://joesventure.com/collections/best-sellers,20240619004239
best-sellers,BEST SELLERS,JLGBatch_C_19.jpg,,https://joesventure.com/collections/best-sellers,20240619004239
brushes,Care,joe-s-leather-balm™,JOE’S LEATHER BALM™,https://joesventure.com/collections/brushes,20230531012104
brushes,Care,leather-horse-hair-brush,LEATHER HORSE HAIR BRUSH,https://joesventure.com/collections/brushes,20230531012104
brushes,Care,lamb-nappa-woman-perfecto,Lamb Nappa Woman Perfecto,https://joesventure.com/collections/brushes,20230531012104
brushes,Care,JLGBrush_Wax1.jpg,,https://joesventure.com/collections/brushes,20230531012104
brushes,Care,JLGBrush_Wax2.jpg,,https://joesventure.com/collections/brushes,20230531012104
cane,CÁNE,bundle-c,Gift Bundle C,https://joesventure.com/collections/cane,20250807214444
cane,CÁNE,traveler-essentials-bundle,Traveler Essentials Bundle,https://joesventure.com/collections/cane,20250807214444
cane,CÁNE,business-essentials-bundle,Business Essentials Bundle,https://joesventure.com/collections/cane,20250807214444
cane,CÁNE,no-1,CÁNE No.1 - Le Carré,https://joesventure.com/collections/cane,20250807214444
cane,CÁNE,no-2,CÁNE No.2 - La Promenade,https://joesventure.com/collections/cane,20250807214444
cane,CÁNE,no-3,CÁNE No.3 - Le Voyageur,https://joesventure.com/collections/cane,20250807214444
cane,CÁNE,clutch,CÁNE No.4 - La Nuit,https://joesventure.com/collections/cane,20250807214444
commander,Commander,the-vancouver-messenger-bag,The Vancouver Messenger Bag,https://joesventure.com/collections/commander,20230322183853
commander,Commander,hook-keychain,Hook Keychain,https://joesventure.com/collections/commander,20230322183853
commander,Commander,the-jlg-brass-leather-belt,The JLG  Brass Leather Belt,https://joesventure.com/collections/commander,20230322183853
commander,Commander,passport-cover,Passport Cover,https://joesventure.com/collections/commander,20230322183853
commander,Commander,the-jlg-trifold-wallet,The JLG Trifold Wallet,https://joesventure.com/collections/commander,20230322183853
commander,Commander,lamb-nappa-woman-perfecto,Lamb Nappa Woman Perfecto,https://joesventure.com/collections/commander,20230322183853
commander,Commander,joes-nappa-perfecto,Lamb Napa - Man Perfecto,https://joesventure.com/collections/commander,20230322183853
commander,Commander,JLGBatch_C_32.jpg,,https://joesventure.com/collections/commander,20230322183853
commander,Commander,JLGLast30.jpg,,https://joesventure.com/collections/commander,20230322183853
commander,Commander,JLGBatch_B_88.jpg,,https://joesventure.com/collections/commander,20230322183853
commander,Commander,JLGLast14.jpg,,https://joesventure.com/collections/commander,20230322183853
commander,Commander,JLG1.jpg,,https://joesventure.com/collections/commander,20230322183853
commander,Commander,IMG_4228.jpg,,https://joesventure.com/collections/commander,20230322183853
commander,Commander,IMG_4064ftg.jpg,,https://joesventure.com/collections/commander,20230322183853
eclipse,The Eclipse Pebbled Collection,bundle-c,Gift Bundle C,https://joesventure.com/collections/eclipse,20250210155324
eclipse,The Eclipse Pebbled Collection,traveler-essentials-bundle,Traveler Essentials Bundle,https://joesventure.com/collections/eclipse,20250210155324
eclipse,The Eclipse Pebbled Collection,business-essentials-bundle,Business Essentials Bundle,https://joesventure.com/collections/eclipse,20250210155324
eclipse,The Eclipse Pebbled Collection,the-paratrooper-bag,The Paratrooper bag,https://joesventure.com/collections/eclipse,20250210155324
eclipse,The Eclipse Pebbled Collection,eclipse-pebbled-toiletry-bag,Eclipse Pebbled Toiletry Bag,https://joesventure.com/collections/eclipse,20250210155324
eclipse,The Eclipse Pebbled Collection,eclipse-pebbled-large-box-bag,Eclipse Pebbled Leather Large Box 30L Bag,https://joesventure.com/collections/eclipse,20250210155324
eclipse,The Eclipse Pebbled Collection,eclipse-pebbled-zipped-laptop-sleeve,Eclipse Pebbled Leather Zipped Laptop Sleeve,https://joesventure.com/collections/eclipse,20250210155324
eclipse,The Eclipse Pebbled Collection,eclipse-pebbled-boot-cleaner,Eclipse Pebbled Leather Boot Cleaner,https://joesventure.com/collections/eclipse,20250210155324
eclipse,The Eclipse Pebbled Collection,eclipse-pebbled-fanny-pack,Eclipse Pebbled Leather Fanny Pack,https://joesventure.com/collections/eclipse,20250210155324
eclipse,The Eclipse Pebbled Collection,eclipse-pebbled-college-backpack,Eclipse Pebbled College Backpack,https://joesventure.com/collections/eclipse,20250210155324
eclipse,The Eclipse Pebbled Collection,eclipse-pebbled-business-duffle-carryon,Eclipse Pebbled Leather Business Duffle Carry-On,https://joesventure.com/collections/eclipse,20250210155324
explorer,Explorer,the-explorer-bag,The Explorer Bag,https://joesventure.com/collections/explorer,20230322190846
explorer,Explorer,hook-keychain,Hook Keychain,https://joesventure.com/collections/explorer,20230322190846
explorer,Explorer,the-jlg-brass-leather-belt,The JLG  Brass Leather Belt,https://joesventure.com/collections/explorer,20230322190846
explorer,Explorer,the-a5-analog,The A5 Analog,https://joesventure.com/collections/explorer,20230322190846
explorer,Explorer,lamb-nappa-woman-perfecto,Lamb Nappa Woman Perfecto,https://joesventure.com/collections/explorer,20230322190846
explorer,Explorer,JLGBatch_C_27.jpg,,https://joesventure.com/collections/explorer,20230322190846
explorer,Explorer,JLGLast30.jpg,,https://joesventure.com/collections/explorer,20230322190846
explorer,Explorer,JLGBatch_B_88.jpg,,https://joesventure.com/collections/explorer,20230322190846
explorer,Explorer,JLGLast22.jpg,,https://joesventure.com/collections/explorer,20230322190846
for-her,FOR HER,bundle-c,Gift Bundle C,https://joesventure.com/collections/for-her,20250210152238
for-her,FOR HER,traveler-essentials-bundle,Traveler Essentials Bundle,https://joesventure.com/collections/for-her,20250210152238
for-her,FOR HER,business-essentials-bundle,Business Essentials Bundle,https://joesventure.com/collections/for-her,20250210152238
for-her,FOR HER,macbook-sleeve,Macbook Sleeve,https://joesventure.com/collections/for-her,20250210152238
for-her,FOR HER,pyrenees-backpack,"Pyrenees Backpack 16""",https://joesventure.com/collections/for-her,20250210152238
for-her,FOR HER,shades-cover,Shades cover,https://joesventure.com/collections/for-her,20250210152238
for-her,FOR HER,la-pochetter,La Pochette,https://joesventure.com/collections/for-her,20250210152238
for-her,FOR HER,jlg-giza-tote-bag,The Giza Tote Bag,https://joesventure.com/collections/for-her,20250210152238
for-her,FOR HER,travellers-notebook,Travellers notebook,https://joesventure.com/collections/for-her,20250210152238
for-her,FOR HER,the-paros-convertible,The Paros convertible,https://joesventure.com/collections/for-her,20250210152238
for-her,FOR HER,passport-cover,Passport Cover,https://joesventure.com/collections/for-her,20250210152238
for-her,FOR HER,laptop-bag,Laptop Bag,https://joesventure.com/collections/for-her,20250210152238
for-her,FOR HER,the-himalaya-duffle-bag,The Himalaya Duffle Bag,https://joesventure.com/collections/for-her,20250210152238
for-her,FOR HER,leather-apron,Leather Apron,https://joesventure.com/collections/for-her,20250210152238
for-her,FOR HER,nomad-fanny-pack,Nomad fanny pack,https://joesventure.com/collections/for-her,20250210152238
for-her,FOR HER,JLGBatch_C_73.jpg,,https://joesventure.com/collections/for-her,20250210152238
for-her,FOR HER,JLGBatch_C_68.jpg,,https://joesventure.com/collections/for-her,20250210152238
frontpage,Bestsellers,tobacco-pouch,Tobacco Pouch,https://joesventure.com/collections/frontpage,20230322201610
frontpage,Bestsellers,the-paros-convertible,The Paros convertible,https://joesventure.com/collections/frontpage,20230322201610
frontpage,Bestsellers,jlg-giza-tote-bag,The Giza Tote Bag,https://joesventure.com/collections/frontpage,20230322201610
frontpage,Bestsellers,the-explorer-bag,The Explorer Bag,https://joesventure.com/collections/frontpage,20230322201610
frontpage,Bestsellers,the-jlg-city-bag,City Bag,https://joesventure.com/collections/frontpage,20230322201610
frontpage,Bestsellers,the-jlg-a6-analog,The JLG A6 Analog,https://joesventure.com/collections/frontpage,20230322201610
frontpage,Bestsellers,joes-nappa-perfecto,Lamb Napa - Man Perfecto,https://joesventure.com/collections/frontpage,20230322201610
frontpage,Bestsellers,lamb-nappa-woman-perfecto,Lamb Nappa Woman Perfecto,https://joesventure.com/collections/frontpage,20230322201610
frontpage,Bestsellers,JLGBatch_B_72.jpg,,https://joesventure.com/collections/frontpage,20230322201610
frontpage,Bestsellers,JLGBatch_C_18_a74c7a62-1f5f-4928-8bbc-d798f3dd4349.jpg,,https://joesventure.com/collections/frontpage,20230322201610
frontpage,Bestsellers,JLGBatch_C_42.jpg,,https://joesventure.com/collections/frontpage,20230322201610
frontpage,Bestsellers,JLGBatch_C_27.jpg,,https://joesventure.com/collections/frontpage,20230322201610
frontpage,Bestsellers,JLGBatch_C_94.jpg,,https://joesventure.com/collections/frontpage,20230322201610
frontpage,Bestsellers,JLGLast12copyxx.jpg,,https://joesventure.com/collections/frontpage,20230322201610
frontpage,Bestsellers,IMG_4064ftg.jpg,,https://joesventure.com/collections/frontpage,20230322201610
gift-bundles,Gift Bundles,bundle-c,Gift Bundle C,https://joesventure.com/collections/gift-bundles,20240518072615
gift-bundles,Gift Bundles,bundle-b,Gift Bundle B,https://joesventure.com/collections/gift-bundles,20240518072615
gift-bundles,Gift Bundles,bundle-a,Gift Bundle A,https://joesventure.com/collections/gift-bundles,20240518072615
gift-bundles,Gift Bundles,lamb-nappa-woman-perfecto,Lamb Nappa Woman Perfecto,https://joesventure.com/collections/gift-bundles,20240518072615
jackets,Jackets,lamb-napa-woman-cafe-racer,Lamb Napa Woman Cafe Racer,https://joesventure.com/collections/jackets,20230322181056
jackets,Jackets,cow-suede-ranger-jacket,Cow Suede Ranger jacket,https://joesventure.com/collections/jackets,20230322181056
jackets,Jackets,waxed-baby-buffalo-aviator-jacket,Waxed Baby Buffalo Aviator Jacket,https://joesventure.com/collections/jackets,20230322181056
jackets,Jackets,lamb-napa-aviator-jacket,Lamb Napa - Aviator Jacket,https://joesventure.com/collections/jackets,20230322181056
jackets,Jackets,waxed-natural-cowhide-man-perfecto,Waxed Natural baby buffalo Leather  - Man Perfecto,https://joesventure.com/collections/jackets,20230322181056
jackets,Jackets,lamb-napa-denim-cut-jacket,Lamb Napa - Denim Cut Jacket,https://joesventure.com/collections/jackets,20230322181056
jackets,Jackets,lamb-napa-cafe-racer,Lamb Napa Man Cafe Racer,https://joesventure.com/collections/jackets,20230322181056
jackets,Jackets,lamb-napa-lapel,Lamb Napa Lapel,https://joesventure.com/collections/jackets,20230322181056
jackets,Jackets,lamb-nappa-woman-perfecto,Lamb Nappa Woman Perfecto,https://joesventure.com/collections/jackets,20230322181056
jackets,Jackets,joes-nappa-perfecto,Lamb Napa - Man Perfecto,https://joesventure.com/collections/jackets,20230322181056
jackets,Jackets,IMG_4064d.jpg,,https://joesventure.com/collections/jackets,20230322181056
jackets,Jackets,IMG_4737-2.jpg,,https://joesventure.com/collections/jackets,20230322181056
jackets,Jackets,IMG_4853x_24d9967a-4b3a-4d3f-93fc-ff8431dcae49.jpg,,https://joesventure.com/collections/jackets,20230322181056
jackets,Jackets,IMG_4591.jpg,,https://joesventure.com/collections/jackets,20230322181056
jackets,Jackets,IMG_4401.jpg,,https://joesventure.com/collections/jackets,20230322181056
jackets,Jackets,4Z5A0781.jpg,,https://joesventure.com/collections/jackets,20230322181056
jackets,Jackets,JLGJackets_C_12.jpg,,https://joesventure.com/collections/jackets,20230322181056
jackets,Jackets,IMG_4254.jpg,,https://joesventure.com/collections/jackets,20230322181056
jackets,Jackets,IMG_4228.jpg,,https://joesventure.com/collections/jackets,20230322181056
jackets,Jackets,IMG_4064ftg.jpg,,https://joesventure.com/collections/jackets,20230322181056
last-run,Last Run,barrel-bag,Barrel Bag,https://joesventure.com/collections/last-run,20241212010122
last-run,Last Run,lite-pro,Lite Pro,https://joesventure.com/collections/last-run,20241212010122
last-run,Last Run,pro-tote,Pro Tote,https://joesventure.com/collections/last-run,20241212010122
last-run,Last Run,the-business-lite,The Business Lite,https://joesventure.com/collections/last-run,20241212010122
last-run,Last Run,lamb-nappa-woman-perfecto,Lamb Nappa Woman Perfecto,https://joesventure.com/collections/last-run,20241212010122
limited-drops,Limited Drops,bundle-c,Gift Bundle C,https://joesventure.com/collections/limited-drops,20250210154323
limited-drops,Limited Drops,traveler-essentials-bundle,Traveler Essentials Bundle,https://joesventure.com/collections/limited-drops,20250210154323
limited-drops,Limited Drops,business-essentials-bundle,Business Essentials Bundle,https://joesventure.com/collections/limited-drops,20250210154323
lone-wolf,Lone Wolf,pyrenees-backpack,"Pyrenees Backpack 16""",https://joesventure.com/collections/lone-wolf,20230322193121
lone-wolf,Lone Wolf,hook-keychain,Hook Keychain,https://joesventure.com/collections/lone-wolf,20230322193121
lone-wolf,Lone Wolf,the-jlg-brass-leather-belt,The JLG  Brass Leather Belt,https://joesventure.com/collections/lone-wolf,20230322193121
lone-wolf,Lone Wolf,the-jlg-v2-wallet,The JLG V2 Wallet,https://joesventure.com/collections/lone-wolf,20230322193121
lone-wolf,Lone Wolf,waxed-baby-buffalo-aviator-jacket,Waxed Baby Buffalo Aviator Jacket,https://joesventure.com/collections/lone-wolf,20230322193121
lone-wolf,Lone Wolf,lamb-napa-lapel,Lamb Napa Lapel,https://joesventure.com/collections/lone-wolf,20230322193121
lone-wolf,Lone Wolf,lamb-nappa-woman-perfecto,Lamb Nappa Woman Perfecto,https://joesventure.com/collections/lone-wolf,20230322193121
lone-wolf,Lone Wolf,JLGBatch_C_36.jpg,,https://joesventure.com/collections/lone-wolf,20230322193121
lone-wolf,Lone Wolf,JLGLast30.jpg,,https://joesventure.com/collections/lone-wolf,20230322193121
lone-wolf,Lone Wolf,JLGBatch_B_88.jpg,,https://joesventure.com/collections/lone-wolf,20230322193121
lone-wolf,Lone Wolf,JLGBatch_B_22.jpg,,https://joesventure.com/collections/lone-wolf,20230322193121
lone-wolf,Lone Wolf,IMG_4853x_24d9967a-4b3a-4d3f-93fc-ff8431dcae49.jpg,,https://joesventure.com/collections/lone-wolf,20230322193121
lone-wolf,Lone Wolf,IMG_4254.jpg,,https://joesventure.com/collections/lone-wolf,20230322193121
outdoor,Outdoor & Adventure,leather-stool,Leather Walk Stool,https://joesventure.com/collections/outdoor,20240518064553
outdoor,Outdoor & Adventure,lamb-nappa-woman-perfecto,Lamb Nappa Woman Perfecto,https://joesventure.com/collections/outdoor,20240518064553
scout,Scout,,,https://joesventure.com/collections/scout?page=2,20230322181606
stationery,Stationery,,,https://joesventure.com/collections/stationery,20240518060159
summer,Summer,tobacco-pouch,Tobacco Pouch,https://joesventure.com/collections/summer,20231201063833
summer,Summer,jlg-giza-tote-bag,The Giza Tote Bag,https://joesventure.com/collections/summer,20231201063833
summer,Summer,the-jlg-brass-leather-belt,The JLG  Brass Leather Belt,https://joesventure.com/collections/summer,20231201063833
summer,Summer,the-paros-convertible,The Paros convertible,https://joesventure.com/collections/summer,20231201063833
summer,Summer,pyrenees-backpack,"Pyrenees Backpack 16""",https://joesventure.com/collections/summer,20231201063833
summer,Summer,the-himalaya-duffle-bag,The Himalaya Duffle Bag,https://joesventure.com/collections/summer,20231201063833
summer,Summer,the-jlg-city-bag,City Bag,https://joesventure.com/collections/summer,20231201063833
summer,Summer,apple-watch-strap,Apple Watch Strap,https://joesventure.com/collections/summer,20231201063833
summer,Summer,la-pochetter,La Pochette,https://joesventure.com/collections/summer,20231201063833
summer,Summer,passport-cover,Passport Cover,https://joesventure.com/collections/summer,20231201063833
summer,Summer,lamb-nappa-woman-perfecto,Lamb Nappa Woman Perfecto,https://joesventure.com/collections/summer,20231201063833
summer,Summer,JLGBatch_B_72.jpg,,https://joesventure.com/collections/summer,20231201063833
summer,Summer,JLGBatch_C_42.jpg,,https://joesventure.com/collections/summer,20231201063833
summer,Summer,JLGBatch_B_87.jpg,,https://joesventure.com/collections/summer,20231201063833
summer,Summer,JLGBatch_C_18_a74c7a62-1f5f-4928-8bbc-d798f3dd4349.jpg,,https://joesventure.com/collections/summer,20231201063833
summer,Summer,JLGBatch_C_36.jpg,,https://joesventure.com/collections/summer,20231201063833
summer,Summer,JLG_Batch_C_50.jpg,,https://joesventure.com/collections/summer,20231201063833
summer,Summer,JLGBatch_C_94.jpg,,https://joesventure.com/collections/summer,20231201063833
summer,Summer,JLGLast2.jpg,,https://joesventure.com/collections/summer,20231201063833
summer,Summer,JLGLast11.jpg,,https://joesventure.com/collections/summer,20231201063833
summer,Summer,JLGLast14.jpg,,https://joesventure.com/collections/summer,20231201063833
summer,Summer,JLGBatch_B_73.jpg,,https://joesventure.com/collections/summer,20231201063833
summer,Summer,JLGBatch_C_43.jpg,,https://joesventure.com/collections/summer,20231201063833
summer,Summer,JLGBatch_B_88.jpg,,https://joesventure.com/collections/summer,20231201063833
summer,Summer,JLGBatch_C_19.jpg,,https://joesventure.com/collections/summer,20231201063833
summer,Summer,JLGBatch_C_37.jpg,,https://joesventure.com/collections/summer,20231201063833
summer,Summer,JLGBatch_C_50.jpg,,https://joesventure.com/collections/summer,20231201063833
summer,Summer,JLGBatch_C_95.jpg,,https://joesventure.com/collections/summer,20231201063833
summer,Summer,JLGLast5.jpg,,https://joesventure.com/collections/summer,20231201063833
summer,Summer,JLGLast9.jpg,,https://joesventure.com/collections/summer,20231201063833
summer,Summer,JLGLast15.jpg,,https://joesventure.com/collections/summer,20231201063833
summer-04-for-her,Summer 24 for her,the-shoreline,The Shoreline,https://joesventure.com/collections/summer-04-for-her,20240719025227
summer-04-for-her,Summer 24 for her,the-coquin,The Coquina,https://joesventure.com/collections/summer-04-for-her,20240719025227
summer-04-for-her,Summer 24 for her,the-sandy,The Sandy,https://joesventure.com/collections/summer-04-for-her,20240719025227
summer-04-for-her,Summer 24 for her,the-coral,The Coral,https://joesventure.com/collections/summer-04-for-her,20240719025227
summer-04-for-her,Summer 24 for her,lamb-nappa-woman-perfecto,Lamb Nappa Woman Perfecto,https://joesventure.com/collections/summer-04-for-her,20240719025227
the-heritage-collection,THE HERITAGE COLLECTION,jlg-giza-tote-bag,The Giza Tote Bag,https://joesventure.com/collections/the-heritage-collection,20231201073837
the-heritage-collection,THE HERITAGE COLLECTION,the-paros-convertible,The Paros convertible,https://joesventure.com/collections/the-heritage-collection,20231201073837
the-heritage-collection,THE HERITAGE COLLECTION,the-vancouver-messenger-bag,The Vancouver Messenger Bag,https://joesventure.com/collections/the-heritage-collection,20231201073837
the-heritage-collection,THE HERITAGE COLLECTION,pyrenees-backpack,"Pyrenees Backpack 16""",https://joesventure.com/collections/the-heritage-collection,20231201073837
the-heritage-collection,THE HERITAGE COLLECTION,the-jlg-bifold-wallet,The JLG Bifold Wallet,https://joesventure.com/collections/the-heritage-collection,20231201073837
the-heritage-collection,THE HERITAGE COLLECTION,macbook-sleeve,Macbook Sleeve,https://joesventure.com/collections/the-heritage-collection,20231201073837
the-heritage-collection,THE HERITAGE COLLECTION,the-himalaya-duffle-bag,The Himalaya Duffle Bag,https://joesventure.com/collections/the-heritage-collection,20231201073837
the-heritage-collection,THE HERITAGE COLLECTION,the-jlg-city-bag,City Bag,https://joesventure.com/collections/the-heritage-collection,20231201073837
the-heritage-collection,THE HERITAGE COLLECTION,the-a5-analog,The A5 Analog,https://joesventure.com/collections/the-heritage-collection,20231201073837
the-heritage-collection,THE HERITAGE COLLECTION,the-jlg-a6-analog,The JLG A6 Analog,https://joesventure.com/collections/the-heritage-collection,20231201073837
the-heritage-collection,THE HERITAGE COLLECTION,clipper-fold-wallet,The JLG Clipper Fold Wallet,https://joesventure.com/collections/the-heritage-collection,20231201073837
the-heritage-collection,THE HERITAGE COLLECTION,la-pochetter,La Pochette,https://joesventure.com/collections/the-heritage-collection,20231201073837
the-heritage-collection,THE HERITAGE COLLECTION,the-jlg-cardholder,The JLG Cardholder,https://joesventure.com/collections/the-heritage-collection,20231201073837
the-heritage-collection,THE HERITAGE COLLECTION,the-jlg-trifold-wallet,The JLG Trifold Wallet,https://joesventure.com/collections/the-heritage-collection,20231201073837
the-heritage-collection,THE HERITAGE COLLECTION,the-jlg-bifold-rever,The JLG Bifold Rever,https://joesventure.com/collections/the-heritage-collection,20231201073837
the-heritage-collection,THE HERITAGE COLLECTION,lamb-nappa-woman-perfecto,Lamb Nappa Woman Perfecto,https://joesventure.com/collections/the-heritage-collection,20231201073837
the-heritage-collection,THE HERITAGE COLLECTION,JLGBatch_C_42.jpg,,https://joesventure.com/collections/the-heritage-collection,20231201073837
the-heritage-collection,THE HERITAGE COLLECTION,JLGBatch_C_18_a74c7a62-1f5f-4928-8bbc-d798f3dd4349.jpg,,https://joesventure.com/collections/the-heritage-collection,20231201073837
the-heritage-collection,THE HERITAGE COLLECTION,JLGBatch_C_32.jpg,,https://joesventure.com/collections/the-heritage-collection,20231201073837
the-heritage-collection,THE HERITAGE COLLECTION,JLGBatch_C_36.jpg,,https://joesventure.com/collections/the-heritage-collection,20231201073837
the-heritage-collection,THE HERITAGE COLLECTION,JLG20.jpg,,https://joesventure.com/collections/the-heritage-collection,20231201073837
the-heritage-collection,THE HERITAGE COLLECTION,JLGBatch_B_95.jpg,,https://joesventure.com/collections/the-heritage-collection,20231201073837
the-heritage-collection,THE HERITAGE COLLECTION,JLG_Batch_C_50.jpg,,https://joesventure.com/collections/the-heritage-collection,20231201073837
the-heritage-collection,THE HERITAGE COLLECTION,JLGBatch_C_94.jpg,,https://joesventure.com/collections/the-heritage-collection,20231201073837
the-heritage-collection,THE HERITAGE COLLECTION,JLGLast22.jpg,,https://joesventure.com/collections/the-heritage-collection,20231201073837
the-heritage-collection,THE HERITAGE COLLECTION,JLGLast12copyxx.jpg,,https://joesventure.com/collections/the-heritage-collection,20231201073837
the-heritage-collection,THE HERITAGE COLLECTION,JLGBatch_B_9.jpg,,https://joesventure.com/collections/the-heritage-collection,20231201073837
the-heritage-collection,THE HERITAGE COLLECTION,JLGLast11.jpg,,https://joesventure.com/collections/the-heritage-collection,20231201073837
the-heritage-collection,THE HERITAGE COLLECTION,JLGBatch_B_27.jpg,,https://joesventure.com/collections/the-heritage-collection,20231201073837
the-heritage-collection,THE HERITAGE COLLECTION,JLG1.jpg,,https://joesventure.com/collections/the-heritage-collection,20231201073837
the-heritage-collection,THE HERITAGE COLLECTION,JLG14.jpg,,https://joesventure.com/collections/the-heritage-collection,20231201073837
the-heritage-collection,THE HERITAGE COLLECTION,JLGBatch_C_43.jpg,,https://joesventure.com/collections/the-heritage-collection,20231201073837
the-heritage-collection,THE HERITAGE COLLECTION,JLGBatch_C_19.jpg,,https://joesventure.com/collections/the-heritage-collection,20231201073837
the-heritage-collection,THE HERITAGE COLLECTION,JLGBatch_C_33.jpg,,https://joesventure.com/collections/the-heritage-collection,20231201073837
the-heritage-collection,THE HERITAGE COLLECTION,JLGBatch_C_37.jpg,,https://joesventure.com/collections/the-heritage-collection,20231201073837
the-heritage-collection,THE HERITAGE COLLECTION,JLG17.jpg,,https://joesventure.com/collections/the-heritage-collection,20231201073837
the-heritage-collection,THE HERITAGE COLLECTION,JLGBatch_B_5.jpg,,https://joesventure.com/collections/the-heritage-collection,20231201073837
the-heritage-collection,THE HERITAGE COLLECTION,JLGBatch_B_93.jpg,,https://joesventure.com/collections/the-heritage-collection,20231201073837
the-heritage-collection,THE HERITAGE COLLECTION,JLGBatch_B_94.jpg,,https://joesventure.com/collections/the-heritage-collection,20231201073837
the-heritage-collection,THE HERITAGE COLLECTION,JLGBatch_C_50.jpg,,https://joesventure.com/collections/the-heritage-collection,20231201073837
the-heritage-collection,THE HERITAGE COLLECTION,JLGBatch_C_95.jpg,,https://joesventure.com/collections/the-heritage-collection,20231201073837
the-heritage-collection,THE HERITAGE COLLECTION,JLGLast21.jpg,,https://joesventure.com/collections/the-heritage-collection,20231201073837
the-heritage-collection,THE HERITAGE COLLECTION,JLGBatch_B_81.jpg,,https://joesventure.com/collections/the-heritage-collection,20231201073837
the-heritage-collection,THE HERITAGE COLLECTION,JLGBatch_B_12.jpg,,https://joesventure.com/collections/the-heritage-collection,20231201073837
the-heritage-collection,THE HERITAGE COLLECTION,JLGBatch_B_13.jpg,,https://joesventure.com/collections/the-heritage-collection,20231201073837
the-heritage-collection,THE HERITAGE COLLECTION,JLGLast9.jpg,,https://joesventure.com/collections/the-heritage-collection,20231201073837
the-heritage-collection,THE HERITAGE COLLECTION,JLGBatch_B_26.jpg,,https://joesventure.com/collections/the-heritage-collection,20231201073837
the-heritage-collection,THE HERITAGE COLLECTION,JLGBatch_B_46.jpg,,https://joesventure.com/collections/the-heritage-collection,20231201073837
the-heritage-collection,THE HERITAGE COLLECTION,JLG10.jpg,,https://joesventure.com/collections/the-heritage-collection,20231201073837
the-heritage-collection,THE HERITAGE COLLECTION,JLGBatch_B_59.jpg,,https://joesventure.com/collections/the-heritage-collection,20231201073837
the-v-signature-collection,THE V SIGNATURE COLLECTION,the-fanny-pack,The Fanny Pack,https://joesventure.com/collections/the-v-signature-collection,20231201073603
the-v-signature-collection,THE V SIGNATURE COLLECTION,barrel-bag,Barrel Bag,https://joesventure.com/collections/the-v-signature-collection,20231201073603
the-v-signature-collection,THE V SIGNATURE COLLECTION,lite-pro,Lite Pro,https://joesventure.com/collections/the-v-signature-collection,20231201073603
the-v-signature-collection,THE V SIGNATURE COLLECTION,the-business-lite,The Business Lite,https://joesventure.com/collections/the-v-signature-collection,20231201073603
the-v-signature-collection,THE V SIGNATURE COLLECTION,the-duffle-lite,The duffle lite,https://joesventure.com/collections/the-v-signature-collection,20231201073603
the-v-signature-collection,THE V SIGNATURE COLLECTION,the-business-duffle,The Business Duffle,https://joesventure.com/collections/the-v-signature-collection,20231201073603
the-v-signature-collection,THE V SIGNATURE COLLECTION,pro-tote,Pro Tote,https://joesventure.com/collections/the-v-signature-collection,20231201073603
the-v-signature-collection,THE V SIGNATURE COLLECTION,lamb-nappa-woman-perfecto,Lamb Nappa Woman Perfecto,https://joesventure.com/collections/the-v-signature-collection,20231201073603
wallets,Wallets,the-jlg-bifold-wallet,The JLG Bifold Wallet,https://joesventure.com/collections/wallets,20230322190227
wallets,Wallets,the-jlg-v2-wallet,The JLG V2 Wallet,https://joesventure.com/collections/wallets,20230322190227
wallets,Wallets,the-jlg-cardholder,The JLG Cardholder,https://joesventure.com/collections/wallets,20230322190227
wallets,Wallets,the-jlg-moneyclip,The JLG MoneyClip,https://joesventure.com/collections/wallets,20230322190227
wallets,Wallets,clipper-fold-wallet,The JLG Clipper Fold Wallet,https://joesventure.com/collections/wallets,20230322190227
wallets,Wallets,the-jlg-trifold-wallet,The JLG Trifold Wallet,https://joesventure.com/collections/wallets,20230322190227
wallets,Wallets,the-jlg-zipgo,The JLG Zipgo,https://joesventure.com/collections/wallets,20230322190227
wallets,Wallets,the-jlg-bifold-rever,The JLG Bifold Rever,https://joesventure.com/collections/wallets,20230322190227
wallets,Wallets,lamb-nappa-woman-perfecto,Lamb Nappa Woman Perfecto,https://joesventure.com/collections/wallets,20230322190227
wallets,Wallets,JLG17.jpg,,https://joesventure.com/collections/wallets,20230322190227
wallets,Wallets,JLGBatch_B_22.jpg,,https://joesventure.com/collections/wallets,20230322190227
wallets,Wallets,JLGBatch_B_26.jpg,,https://joesventure.com/collections/wallets,20230322190227
wallets,Wallets,JLGBatch_B_33.jpg,,https://joesventure.com/collections/wallets,20230322190227
wallets,Wallets,JLGBatch_B_12.jpg,,https://joesventure.com/collections/wallets,20230322190227
wallets,Wallets,JLG1.jpg,,https://joesventure.com/collections/wallets,20230322190227
wallets,Wallets,JLGBatch_B_41.jpg,,https://joesventure.com/collections/wallets,20230322190227
wallets,Wallets,JLG14.jpg,,https://joesventure.com/collections/wallets,20230322190227
waxed-canvas,Waxed Canvas,the-fanny-pack,The Fanny Pack,https://joesventure.com/collections/waxed-canvas,20231201065833
waxed-canvas,Waxed Canvas,barrel-bag,Barrel Bag,https://joesventure.com/collections/waxed-canvas,20231201065833
waxed-canvas,Waxed Canvas,lite-pro,Lite Pro,https://joesventure.com/collections/waxed-canvas,20231201065833
waxed-canvas,Waxed Canvas,the-business-lite,The Business Lite,https://joesventure.com/collections/waxed-canvas,20231201065833
waxed-canvas,Waxed Canvas,the-duffle-lite,The duffle lite,https://joesventure.com/collections/waxed-canvas,20231201065833
waxed-canvas,Waxed Canvas,the-business-duffle,The Business Duffle,https://joesventure.com/collections/waxed-canvas,20231201065833
waxed-canvas,Waxed Canvas,pro-tote,Pro Tote,https://joesventure.com/collections/waxed-canvas,20231201065833
waxed-canvas,Waxed Canvas,lamb-nappa-woman-perfecto,Lamb Nappa Woman Perfecto,https://joesventure.com/collections/waxed-canvas,20231201065833
womens-jackets,Jackets,bundle-c,Gift Bundle C,https://joesventure.com/collections/womens-jackets,20250321094856
womens-jackets,Jackets,traveler-essentials-bundle,Traveler Essentials Bundle,https://joesventure.com/collections/womens-jackets,20250321094856
womens-jackets,Jackets,business-essentials-bundle,Business Essentials Bundle,https://joesventure.com/collections/womens-jackets,20250321094856
womens-jackets,Jackets,buck-brown-pull-up-buttoned-perfecto-size-52,Buck Brown Pull up Buttoned Perfecto Size 52,https://joesventure.com/collections/womens-jackets,20250321094856
womens-jackets,Jackets,purple-pull-up-no-52-jacket-size-52,Purple Pull up no.52 Jacket  Size 52,https://joesventure.com/collections/womens-jackets,20250321094856
womens-jackets,Jackets,black-lamb-nappa-denim-cut,Black Lamb Nappa Denim Cut Size 54,https://joesventure.com/collections/womens-jackets,20250321094856
womens-jackets,Jackets,oiled-forest-green-cow-classic,Oiled Forest Green Cow Classic Size 52,https://joesventure.com/collections/womens-jackets,20250321094856
womens-jackets,Jackets,light-brown-nappa-denim-cut,Light Brown Nappa Denim Cut Size 48,https://joesventure.com/collections/womens-jackets,20250321094856
womens-jackets,Jackets,brown-cow-nubuck-perfecto,Brown Cow Nubuck Perfecto,https://joesventure.com/collections/womens-jackets,20250321094856
womens-jackets,Jackets,burgundy-nappa-cafe-racer,Burgundy Nappa Café Racer,https://joesventure.com/collections/womens-jackets,20250321094856
womens-jackets,Jackets,cracked-cow-classic-202,Cracked Cow Classic 202,https://joesventure.com/collections/womens-jackets,20250321094856
womens-jackets,Jackets,burgundy-nappa-suit-like-jacket,Burgundy Nappa Suit Like Jacket,https://joesventure.com/collections/womens-jackets,20250321094856
womens-jackets,Jackets,cropped-bustier-34-b,Cropped Bustier 34-B,https://joesventure.com/collections/womens-jackets,20250321094856
womens-jackets,Jackets,waxed-nubuck-buffalo-denim-cut,Waxed Nubuck Buffalo Denim Cut,https://joesventure.com/collections/womens-jackets,20250321094856
womens-jackets,Jackets,red-leather-crop-jacket,Red Leather Crop Jacket,https://joesventure.com/collections/womens-jackets,20250321094856
womens-jackets,Jackets,toxik-x-joes-graffity-painted-nappa-perfecto,TOXIK X JOES Graffiti Painted Nappa Perfecto,https://joesventure.com/collections/womens-jackets,20250321094856
womens-jackets,Jackets,dark-blue-suede-denim-cut,Dark Blue Suede Denim-Cut,https://joesventure.com/collections/womens-jackets,20250321094856
womens-jackets,Jackets,buffed-varnish-cow-suit-jacket,Buffed Varnish Cow Suit Jacket,https://joesventure.com/collections/womens-jackets,20250321094856
womens-jackets,Jackets,cropped-cafe-racer-oil-tanned-baby-buffalo,Cropped Cafe Racer Oil-Tanned Baby Buffalo,https://joesventure.com/collections/womens-jackets,20250321094856
womens-jackets,Jackets,waxed-cow-wrangler,Waxed Cow Wrangler,https://joesventure.com/collections/womens-jackets,20250321094856
womens-jackets,Jackets,puffed-nappa,Puffed Nappa,https://joesventure.com/collections/womens-jackets,20250321094856
womens-jackets,Jackets,cow-nubuck-buttoned-jacket,Cow Nubuck Buttoned Jacket Size 52,https://joesventure.com/collections/womens-jackets,20250321094856
womens-jackets,Jackets,black-leather-perfecto-with-belt,Black Varnish Leather Perfecto With Belt,https://joesventure.com/collections/womens-jackets,20250321094856
womens-jackets,Jackets,green-nappa-perfecto-1,Green Nappa Perfecto,https://joesventure.com/collections/womens-jackets,20250321094856
womens-jackets,Jackets,burgundy-nappa-aviator,Burgundy Nappa Aviator,https://joesventure.com/collections/womens-jackets,20250321094856
womens-jackets,Jackets,black-lamb-leather-coat,Black Lamb Leather Coat,https://joesventure.com/collections/womens-jackets,20250321094856
womens-jackets,Jackets,brown-suede-equestrian-vest,Brown Suede Equestrian vest,https://joesventure.com/collections/womens-jackets,20250321094856
womens-jackets,Jackets,buck-brown-lamb-nappa-pilot-size-48,Buck Brown Lamb Nappa Pilot Size 48,https://joesventure.com/collections/womens-jackets,20250321094856
womens-jackets,Jackets,buck-brown-lamb-nappa-ranger-size-48,Buck Brown Lamb Nappa Ranger Size 48,https://joesventure.com/collections/womens-jackets,20250321094856
womens-jackets,Jackets,buck-brown-lamb-nappa-cafe-racer-size-54,Buck Brown Lamb Nappa Cafe Racer Size 54,https://joesventure.com/collections/womens-jackets,20250321094856
womens-jackets,Jackets,buck-brown-lamb-nappa-aviator,Buck Brown Lamb Nappa Aviator Size 50,https://joesventure.com/collections/womens-jackets,20250321094856
womens-jackets,Jackets,burgundy-lamb-nappa-pilot-size-46,Burgundy Lamb Nappa Pilot Size 46,https://joesventure.com/collections/womens-jackets,20250321094856
womens-jackets,Jackets,burgundy-lamb-nappa-perfecto-size-46,Burgundy Lamb Nappa Perfecto Size 46,https://joesventure.com/collections/womens-jackets,20250321094856
womens-jackets,Jackets,green-lamb-nappa-aviator,Green Lamb Nappa Aviator Size 54,https://joesventure.com/collections/womens-jackets,20250321094856
womens-jackets,Jackets,black-vernis-perfecto,Black Vernis Cow Skin Perfecto Size 42,https://joesventure.com/collections/womens-jackets,20250321094856
womens-jackets,Jackets,black-lamb-nappa-perfecto,Black Lamb Nappa Perfecto Size 40,https://joesventure.com/collections/womens-jackets,20250321094856
womens-jackets,Jackets,black-lamb-aappa-apero,Black Lamb Nappa Apéro Size 42,https://joesventure.com/collections/womens-jackets,20250321094856
womens-jackets,Jackets,burnt-brown-waxed-baby-buffalo-aviator,Burnt Brown Waxed Baby Buffalo Aviator Size 56,https://joesventure.com/collections/womens-jackets,20250321094856
womens-jackets,Jackets,stone-washed-brown-lamb-nappa-perfecto,Stone Washed Brown Lamb Nappa Perfecto Size 54,https://joesventure.com/collections/womens-jackets,20250321094856
womens-jackets,Jackets,black-lamb-nappa-lapel,Black Lamb Nappa Lapel Size 46,https://joesventure.com/collections/womens-jackets,20250321094856
womens-jackets,Jackets,lamb-nappa-cropped-denim-cut-petroleum-grey,Petroleum Grey Lamb Nappa Cropped Denim Cut Size 42,https://joesventure.com/collections/womens-jackets,20250321094856
womens-jackets,Jackets,lamb-nappa-green-cafe-racer,Lamb Nappa Green Cafe Racer Size 48,https://joesventure.com/collections/womens-jackets,20250321094856
womens-jackets,Jackets,lamb-nappa-pe,Lamb Nappa Petroleum Pilot Size 54,https://joesventure.com/collections/womens-jackets,20250321094856
womens-jackets,Jackets,toxik-x-joes-venture-star-jacket,"Toxik x Joe's Venture ""STAR"" jacket Size 42",https://joesventure.com/collections/womens-jackets,20250321094856
